GeneID,baseMean,log2FoldChange,lfcSE,stat,pvalue,padj
AT3G15450,184.4532769,-3.139396296,0.196676213,-15.96225717,2.34E-57,6.04E-54
AT5G57560,90.22958226,-4.0208388,0.282590957,-14.22847653,6.10E-46,6.88E-43
AT2G41430,502.9553806,-1.304794126,0.104332281,-12.50614009,6.91E-36,4.99E-33
AT5G20250,48.3697597,-3.642733557,0.293658865,-12.4046436,2.47E-35,1.59E-32
AT1G74670,63.90221898,-3.96817243,0.32128273,-12.35102935,4.81E-35,2.99E-32
AT1G37130,102.8386169,-2.918227027,0.240229559,-12.14766007,5.90E-34,3.44E-31
AT1G03870,50.04668002,-3.793570245,0.314879742,-12.04767959,1.99E-33,1.09E-30
AT4G36850,40.56445032,-5.150261667,0.42812223,-12.02988611,2.48E-33,1.31E-30
AT4G08950,47.71797448,-4.108913367,0.345914027,-11.87842368,1.53E-32,7.48E-30
AT1G80920,309.014805,-2.163868579,0.182277608,-11.87128034,1.67E-32,7.73E-30
AT5G49360,72.91714951,-3.830884282,0.322685838,-11.87186989,1.66E-32,7.73E-30
AT2G38310,42.88673456,-3.838171279,0.326716855,-11.74769902,7.26E-32,3.12E-29
AT4G27450,49.88021529,-4.264235382,0.365318332,-11.67265644,1.76E-31,7.05E-29
AT5G19120,41.5125766,-4.228744908,0.374576403,-11.28940552,1.48E-29,5.57E-27
AT3G48360,37.6430457,-4.478965148,0.399206598,-11.21966713,3.26E-29,1.18E-26
AT2G19800,39.84776929,-3.719420673,0.344206735,-10.80577541,3.23E-27,1.08E-24
AT1G80180,79.70783284,-2.730878894,0.265738171,-10.27657744,8.99E-25,2.53E-22
AT5G22920,33.92609131,-3.737878394,0.369499924,-10.11604644,4.69E-24,1.23E-21
AT4G35770,86.21069474,-2.98891533,0.301228498,-9.922418858,3.33E-23,8.34E-21
AT5G14120,34.83730169,-3.355066932,0.338560713,-9.909794016,3.77E-23,9.21E-21
AT5G61590,54.08335939,-4.567620205,0.462136639,-9.883700672,4.90E-23,1.16E-20
AT2G40000,87.50365699,-3.110792803,0.315335289,-9.865032268,5.90E-23,1.38E-20
AT2G41100,150.3014407,-2.444563372,0.248358801,-9.842869922,7.36E-23,1.70E-20
AT2G46330,91.74317897,-2.23908052,0.227572812,-9.838963177,7.65E-23,1.75E-20
AT1G19770,53.1328641,-2.719221166,0.281036827,-9.675675599,3.83E-22,8.63E-20
AT1G72430,42.67782467,-3.335250463,0.352484871,-9.462109558,3.02E-21,6.26E-19
AT5G19190,43.53128349,-3.055188058,0.325712128,-9.380025467,6.60E-21,1.32E-18
AT1G68840,28.3048738,-3.572964476,0.386822842,-9.236694664,2.54E-20,4.94E-18
AT3G30775,52.55700183,-2.067033177,0.22746311,-9.087333685,1.01E-19,1.91E-17
AT5G63160,66.93567406,-2.04096646,0.226829626,-8.997794939,2.30E-19,4.24E-17
AT4G02380,292.4429414,-1.948188992,0.217173858,-8.970642291,2.95E-19,5.32E-17
AT1G77760,54.08067668,-2.469680495,0.279932057,-8.822428261,1.12E-18,1.87E-16
AT2G16060,22.6937231,-3.499019239,0.398238727,-8.786235497,1.55E-18,2.54E-16
AT2G20670,45.47606826,-3.123932754,0.361061214,-8.65208623,5.06E-18,7.87E-16
AT4G38470,36.70828048,-2.358095792,0.272833956,-8.642970342,5.48E-18,8.38E-16
AT4G33560,21.89528378,-3.665389456,0.424313949,-8.638390195,5.70E-18,8.65E-16
AT3G26510,38.90264265,-2.638601182,0.30660675,-8.60581569,7.58E-18,1.14E-15
AT1G23390,40.13007756,-2.937431339,0.343085138,-8.561814578,1.11E-17,1.66E-15
AT2G45170,38.25488452,-2.552977352,0.298208754,-8.561040943,1.12E-17,1.66E-15
AT4G13340,29.32172607,-3.261638289,0.381178335,-8.556725265,1.16E-17,1.70E-15
AT5G67420,36.10040204,-2.473806042,0.289563198,-8.543233595,1.31E-17,1.90E-15
AT3G23030,92.7423893,-1.786827628,0.209347189,-8.535235827,1.40E-17,2.02E-15
AT5G65660,75.97856762,-1.781338103,0.211365197,-8.427773969,3.52E-17,5.05E-15
AT3G10020,160.9346985,-1.917182512,0.229352623,-8.359104362,6.32E-17,8.84E-15
AT3G29240,77.50656154,-1.799979825,0.215957963,-8.334862008,7.76E-17,1.08E-14
AT3G16240,229.3034658,-1.642832005,0.197287437,-8.327098931,8.28E-17,1.14E-14
AT5G21170,26.86522996,-2.933167414,0.355876108,-8.242102646,1.69E-16,2.23E-14
AT2G01850,69.15493575,-1.741253889,0.211655339,-8.226836587,1.92E-16,2.51E-14
AT1G80440,21.17773071,-4.388916192,0.539457783,-8.135791771,4.09E-16,5.20E-14
AT4G17245,54.47079195,-2.395962919,0.296969777,-8.068036226,7.14E-16,8.96E-14
AT2G46220,91.78633389,-1.723499455,0.216234036,-7.970528082,1.58E-15,1.91E-13
AT1G19530,25.52976705,-3.358317753,0.421785805,-7.962140298,1.69E-15,2.04E-13
AT5G15350,46.54549629,-2.173572134,0.273170311,-7.956838804,1.76E-15,2.08E-13
AT1G43800,19.24346284,-4.678978456,0.593819434,-7.879463325,3.29E-15,3.71E-13
AT5G05440,17.29499883,-3.936378847,0.503403648,-7.819527852,5.30E-15,5.87E-13
AT5G28770,17.38831798,-3.67505554,0.470815245,-7.805727571,5.92E-15,6.47E-13
AT4G17870,50.79857897,-2.020661047,0.259310056,-7.792451548,6.57E-15,7.06E-13
AT1G11260,37.7604543,-2.553251761,0.332271419,-7.684235273,1.54E-14,1.58E-12
AT5G56870,16.63494513,-3.727284461,0.486557216,-7.660526536,1.85E-14,1.88E-12
AT2G39570,40.35484407,-1.961121912,0.256225477,-7.653891167,1.95E-14,1.97E-12
AT1G27290,42.64743992,-2.125118119,0.278554258,-7.629099386,2.36E-14,2.37E-12
AT5G65010,47.2861097,-1.76373218,0.231489653,-7.619054046,2.56E-14,2.55E-12
AT1G68520,46.38169083,-2.260989836,0.29681926,-7.617395966,2.59E-14,2.57E-12
AT4G35750,94.58521724,-1.476990262,0.195883329,-7.540152948,4.69E-14,4.58E-12
AT4G30270,68.71112473,-2.041641338,0.273794836,-7.456829245,8.86E-14,8.29E-12
AT4G12420,41.35028592,-1.91448078,0.257607319,-7.431779461,1.07E-13,9.87E-12
AT1G08930,45.13986711,-2.191381966,0.297476974,-7.366559974,1.75E-13,1.58E-11
AT4G17460,15.9780368,-3.342351827,0.45414131,-7.359717675,1.84E-13,1.66E-11
AT4G19420,22.68220562,-2.85361312,0.3889877,-7.335998343,2.20E-13,1.96E-11
AT5G48490,34.63624802,-2.371374338,0.323506274,-7.330226725,2.30E-13,2.03E-11
AT3G02550,14.61880816,-4.932897386,0.674083134,-7.317936228,2.52E-13,2.22E-11
AT1G66180,45.37446306,-1.848864381,0.252757548,-7.314774161,2.58E-13,2.26E-11
AT5G21940,48.50608316,-2.393648803,0.328150323,-7.294366753,3.00E-13,2.62E-11
AT1G25550,43.31833942,-1.813833341,0.252652142,-7.179172635,7.01E-13,5.83E-11
AT3G58120,15.39977119,-3.639515005,0.507982172,-7.16465105,7.80E-13,6.46E-11
AT3G06750,37.52624252,-1.852965032,0.260331746,-7.117706766,1.10E-12,8.88E-11
AT1G57990,25.87953904,-2.577237209,0.363247926,-7.094981201,1.29E-12,1.03E-10
AT5G40850,28.20391399,-2.132610729,0.301222187,-7.079859399,1.44E-12,1.14E-10
AT2G10940,360.9516671,-1.57072372,0.224941566,-6.982807799,2.89E-12,2.20E-10
AT4G16980,204.7911011,-1.226260198,0.175600311,-6.983246178,2.88E-12,2.20E-10
AT5G25280,75.00953681,-1.625761209,0.2329607,-6.978692999,2.98E-12,2.26E-10
AT5G02760,14.21561814,-5.659947125,0.812625945,-6.965009131,3.28E-12,2.47E-10
AT3G49940,24.50841671,-2.181377183,0.313780266,-6.951925977,3.60E-12,2.69E-10
AT4G34150,75.41352767,-1.847907616,0.268478585,-6.882886443,5.87E-12,4.24E-10
AT4G30170,24.80177706,-2.240314807,0.325753153,-6.877338832,6.10E-12,4.39E-10
AT1G78460,52.00950383,-1.833979612,0.26782296,-6.847731085,7.50E-12,5.31E-10
AT4G03210,48.82497575,-1.61404902,0.235686331,-6.848292854,7.47E-12,5.31E-10
AT1G32920,48.79351789,-2.019835058,0.29499945,-6.846911277,7.55E-12,5.32E-10
AT3G19030,126.3960814,-2.154846517,0.317595478,-6.784877835,1.16E-11,8.04E-10
AT4G14130,12.5724068,-5.133190778,0.756948093,-6.781430355,1.19E-11,8.20E-10
AT3G05490,34.66635147,-2.017307639,0.299764166,-6.729649057,1.70E-11,1.15E-09
AT1G09070,90.74369841,-1.749686788,0.260446131,-6.718037164,1.84E-11,1.25E-09
AT1G12780,34.52051773,-2.098712331,0.312509451,-6.715676358,1.87E-11,1.26E-09
AT2G23810,47.94652797,-1.810052082,0.270961349,-6.680111713,2.39E-11,1.57E-09
AT1G35140,13.49629479,-4.756567242,0.712472075,-6.676145501,2.45E-11,1.61E-09
AT3G04730,104.3621207,-1.197140318,0.179369785,-6.674147046,2.49E-11,1.63E-09
AT2G23320,38.36216549,-1.783782451,0.268347873,-6.647276267,2.99E-11,1.93E-09
AT4G20260,156.4523614,-1.708116605,0.256999147,-6.646390162,3.00E-11,1.93E-09
AT4G16520,113.7579291,-1.210721821,0.182196276,-6.645151314,3.03E-11,1.94E-09
AT3G01290,50.3606258,-1.911669157,0.287869853,-6.640741083,3.12E-11,1.98E-09
AT1G72150,119.6417829,-2.111600415,0.318779079,-6.624024465,3.50E-11,2.21E-09
AT1G13245,57.0088667,-2.169910833,0.328867286,-6.598135244,4.16E-11,2.62E-09
AT4G24230,15.42792879,-2.972151633,0.453879372,-6.548329387,5.82E-11,3.61E-09
AT3G06070,20.08168542,-2.509081605,0.383853007,-6.536568838,6.29E-11,3.88E-09
AT5G07440,93.95811617,-1.159341995,0.177571876,-6.528860431,6.63E-11,4.07E-09
AT4G32480,16.46868104,-2.820206807,0.43391268,-6.499480055,8.06E-11,4.93E-09
AT1G21910,11.90389329,-4.694070439,0.728329875,-6.444978573,1.16E-10,6.94E-09
AT5G44020,101.5224495,-2.236650143,0.347408624,-6.438096204,1.21E-10,7.23E-09
AT2G06850,179.4339354,-1.866956472,0.290297621,-6.431180756,1.27E-10,7.47E-09
AT3G16770,104.3674342,-1.393912817,0.216804434,-6.429355659,1.28E-10,7.54E-09
AT1G15125,13.37412852,-3.410779921,0.531198845,-6.420909892,1.35E-10,7.94E-09
AT4G10270,11.63023806,-5.304469374,0.836464338,-6.341536794,2.27E-10,1.31E-08
AT5G48485,44.24479501,-1.590338785,0.250806426,-6.340901276,2.28E-10,1.31E-08
AT1G03610,26.25890219,-2.085975496,0.332259487,-6.278151805,3.43E-10,1.95E-08
AT5G37770,43.98004692,-1.82510658,0.292959278,-6.229898544,4.67E-10,2.61E-08
AT2G40610,15.07411125,-3.580359995,0.576689172,-6.208474456,5.35E-10,2.95E-08
AT3G45640,63.94001633,-1.343669303,0.217292939,-6.183676787,6.26E-10,3.42E-08
AT5G44260,12.8665392,-4.158609434,0.676800025,-6.144517254,8.02E-10,4.32E-08
AT2G17880,11.11414342,-3.602201786,0.593173021,-6.072767402,1.26E-09,6.64E-08
AT1G70290,23.77513552,-2.157214197,0.356246187,-6.055402903,1.40E-09,7.35E-08
AT5G12050,10.60582692,-3.653611149,0.604680063,-6.042221952,1.52E-09,7.93E-08
AT3G15630,35.18078796,-2.001540006,0.332476538,-6.020093982,1.74E-09,9.04E-08
AT5G65390,20.01126984,-2.451829413,0.407779063,-6.012641743,1.83E-09,9.44E-08
AT4G37610,13.1252311,-3.166162367,0.526622698,-6.012202624,1.83E-09,9.44E-08
AT5G24210,26.17545402,-1.99697627,0.333358325,-5.990479674,2.09E-09,1.07E-07
AT2G44080,18.69330247,-2.357535796,0.394161759,-5.981137796,2.22E-09,1.11E-07
AT1G54740,14.88420047,-2.775035045,0.464455816,-5.974809553,2.30E-09,1.16E-07
AT4G19160,54.50953791,-1.329041667,0.222884857,-5.962906971,2.48E-09,1.24E-07
AT3G46600,22.20890457,-2.265251451,0.380278135,-5.956828017,2.57E-09,1.27E-07
AT4G24275,12.34062639,-3.172030814,0.532875446,-5.952668371,2.64E-09,1.29E-07
AT4G12470,56.9486167,-1.831890245,0.307824057,-5.951095117,2.66E-09,1.30E-07
AT2G24550,32.47686653,-1.842088932,0.310078588,-5.940716324,2.84E-09,1.38E-07
AT1G19380,17.93300402,-2.391654169,0.404300951,-5.915529412,3.31E-09,1.60E-07
AT2G33830,291.8669309,-1.719970637,0.290991835,-5.910717868,3.41E-09,1.64E-07
AT5G18650,41.64170559,-1.604885113,0.271793972,-5.904785536,3.53E-09,1.69E-07
AT1G71030,38.00577826,-1.690177963,0.286565241,-5.898056432,3.68E-09,1.75E-07
AT2G45180,322.7772938,-1.679281054,0.288328424,-5.824195305,5.74E-09,2.66E-07
AT5G25460,94.44787179,-1.542167899,0.265409843,-5.810515092,6.23E-09,2.87E-07
AT5G62280,8.996637925,-4.956471185,0.855346818,-5.794691788,6.84E-09,3.14E-07
AT5G56550,10.92635612,-3.816409011,0.659178343,-5.789645622,7.05E-09,3.23E-07
AT1G64720,346.3725978,-1.774581793,0.307709835,-5.767062314,8.07E-09,3.65E-07
AT1G55960,24.90012842,-1.919519054,0.333492695,-5.75580539,8.62E-09,3.88E-07
AT3G47340,34.3236025,-2.111336456,0.36813282,-5.735257328,9.74E-09,4.36E-07
AT3G45160,36.13940393,-1.652824337,0.288255186,-5.733892806,9.82E-09,4.39E-07
AT4G23400,37.76687903,-1.699794913,0.296503486,-5.732799091,9.88E-09,4.40E-07
AT1G32700,29.42382359,-1.7048109,0.297475719,-5.730924543,9.99E-09,4.43E-07
AT1G79700,20.30035636,-2.274039912,0.396812891,-5.730761178,1.00E-08,4.43E-07
AT5G14740,645.1717406,-1.271169648,0.223342729,-5.691564944,1.26E-08,5.50E-07
AT4G28270,13.3427762,-2.66242901,0.468144489,-5.687195024,1.29E-08,5.63E-07
AT5G16370,19.26142494,-2.500380802,0.441158188,-5.667764697,1.45E-08,6.23E-07
AT2G41250,15.36308108,-2.333238333,0.412373719,-5.65806749,1.53E-08,6.58E-07
AT2G29290,29.86151372,-1.721785135,0.305737843,-5.631573504,1.79E-08,7.62E-07
AT2G30930,31.354646,-1.640234916,0.291681836,-5.623370113,1.87E-08,7.97E-07
AT1G25230,17.00437391,-2.162445668,0.385752806,-5.605780786,2.07E-08,8.79E-07
AT3G55980,34.15131948,-2.360493295,0.421616869,-5.598669008,2.16E-08,9.09E-07
AT4G01330,14.91217019,-2.442642123,0.437008551,-5.589460698,2.28E-08,9.54E-07
AT5G16110,69.70709339,-1.253735191,0.224575569,-5.582687367,2.37E-08,9.88E-07
AT4G29780,11.13889753,-3.673166115,0.663971791,-5.532111699,3.16E-08,1.30E-06
AT4G03110,14.27354259,-2.372546063,0.430691767,-5.508686824,3.62E-08,1.47E-06
AT3G01490,24.01545099,-1.854249843,0.336789582,-5.505662718,3.68E-08,1.49E-06
AT1G25560,38.10266697,-1.751645233,0.318569981,-5.49846293,3.83E-08,1.55E-06
AT4G37540,16.8325222,-2.172061821,0.395084613,-5.497713014,3.85E-08,1.55E-06
AT2G26190,19.30253598,-2.037442333,0.370893597,-5.493333795,3.94E-08,1.58E-06
AT4G01250,8.568046963,-5.085863422,0.929389538,-5.472262398,4.44E-08,1.76E-06
AT4G21870,16.59583943,-2.452428048,0.450124655,-5.448330864,5.08E-08,2.00E-06
AT4G36670,11.74403358,-2.801367594,0.514799263,-5.44166978,5.28E-08,2.07E-06
AT4G36540,17.28535455,-2.148432154,0.396636856,-5.416622589,6.07E-08,2.35E-06
AT1G24530,11.42183749,-2.909076169,0.537269508,-5.414556615,6.14E-08,2.37E-06
AT4G30280,16.81284819,-2.664802448,0.492214738,-5.413902193,6.17E-08,2.37E-06
AT3G52720,23.25461333,-1.821780637,0.337124707,-5.403877553,6.52E-08,2.49E-06
AT1G73830,8.023296625,-5.233576823,0.968938436,-5.401351239,6.61E-08,2.52E-06
AT3G19680,11.11157723,-2.868753232,0.531121226,-5.401315348,6.62E-08,2.52E-06
AT4G37520,18.20949063,-2.000384357,0.370890436,-5.393464384,6.91E-08,2.62E-06
AT3G52060,46.31371924,-1.362207234,0.252858056,-5.387240797,7.15E-08,2.70E-06
AT1G70410,74.6529236,-1.121006699,0.208853147,-5.367439827,7.99E-08,3.00E-06
AT4G12480,55.98024224,-1.5774778,0.293920994,-5.367013015,8.01E-08,3.00E-06
AT5G18170,28.18305591,-1.603113025,0.299811513,-5.347069595,8.94E-08,3.32E-06
AT3G10040,7.568949258,-4.554486998,0.851793649,-5.346937026,8.95E-08,3.32E-06
AT3G20395,9.770038476,-6.166579523,1.154416427,-5.34172884,9.21E-08,3.40E-06
AT4G16780,10.81866032,-2.752524541,0.515570427,-5.338794465,9.36E-08,3.44E-06
AT4G17500,14.62741193,-2.625387816,0.493230683,-5.322839607,1.02E-07,3.73E-06
AT2G30520,44.79199383,-1.43416279,0.27009654,-5.309815486,1.10E-07,3.99E-06
AT3G11700,46.12969459,-1.505254573,0.28411713,-5.298007102,1.17E-07,4.24E-06
AT5G52900,14.40340382,-2.466248066,0.465714712,-5.295619839,1.19E-07,4.28E-06
AT2G41010,12.56698117,-2.716378524,0.514897307,-5.275573378,1.32E-07,4.71E-06
AT1G28330,140.7654091,-1.330158236,0.252288407,-5.272371623,1.35E-07,4.79E-06
AT1G55450,41.916063,-1.600647167,0.303847835,-5.267923561,1.38E-07,4.89E-06
AT1G57680,22.18126248,-1.751355351,0.334147981,-5.241256718,1.59E-07,5.61E-06
AT2G30600,17.103792,-2.078202401,0.396632578,-5.239615994,1.61E-07,5.65E-06
AT2G39400,23.78080336,-1.832387497,0.351367366,-5.215019017,1.84E-07,6.38E-06
AT2G27080,10.9117652,-3.066306891,0.58839484,-5.211308259,1.88E-07,6.50E-06
AT1G22530,19.30563578,-1.995761624,0.383973639,-5.197652703,2.02E-07,6.95E-06
AT1G72930,44.82667811,-1.301650385,0.250850259,-5.18895373,2.11E-07,7.23E-06
AT3G50060,14.55336924,-2.43452072,0.469879919,-5.181155054,2.21E-07,7.53E-06
AT5G57660,87.33064897,-1.026438031,0.198338254,-5.175189407,2.28E-07,7.74E-06
AT3G15770,15.47248673,-2.239405021,0.433384122,-5.167252121,2.38E-07,8.02E-06
AT1G78830,105.4277537,-1.836411342,0.355631666,-5.163801531,2.42E-07,8.14E-06
AT1G21830,18.776232,-2.125164293,0.412068172,-5.157312398,2.51E-07,8.38E-06
AT1G12440,23.63226217,-1.683350763,0.328463188,-5.124929744,2.98E-07,9.88E-06
AT1G32450,26.50943769,-1.879507776,0.367096846,-5.119923523,3.06E-07,1.01E-05
AT4G37260,38.80798178,-1.79571928,0.35081206,-5.11875014,3.08E-07,1.02E-05
AT4G27280,26.25425443,-1.856063438,0.363261649,-5.109439557,3.23E-07,1.06E-05
AT1G13700,9.832079,-3.126029384,0.616993917,-5.066548146,4.05E-07,1.30E-05
AT5G03380,35.28499087,-1.724170442,0.340592818,-5.062263062,4.14E-07,1.32E-05
AT2G27050,28.29848263,-1.564619393,0.309576469,-5.054064345,4.33E-07,1.38E-05
AT5G13710,50.67423566,-1.163697447,0.230601145,-5.046364568,4.50E-07,1.42E-05
AT1G25275,97.75945258,-1.238742649,0.245516018,-5.045465702,4.52E-07,1.43E-05
AT1G02640,6.750925918,-4.113011729,0.815638445,-5.042689873,4.59E-07,1.44E-05
AT2G42870,7.774729551,-3.237782461,0.6430719,-5.034868511,4.78E-07,1.50E-05
AT5G56100,16.68078415,-2.043532726,0.406013156,-5.033168746,4.82E-07,1.51E-05
AT4G39675,8.841850677,-3.465550086,0.688797277,-5.031306309,4.87E-07,1.52E-05
AT5G44130,73.46725422,-1.277255469,0.254320418,-5.022229352,5.11E-07,1.59E-05
AT1G75750,80.35373316,-1.113703513,0.222204068,-5.012075258,5.38E-07,1.67E-05
AT5G56170,59.50319467,-1.056576163,0.210872917,-5.01048774,5.43E-07,1.68E-05
AT2G25900,30.5904645,-1.638557483,0.327066514,-5.009860119,5.45E-07,1.68E-05
AT3G50740,16.83960599,-2.060021293,0.411327007,-5.008232518,5.49E-07,1.69E-05
AT3G27220,10.91647892,-2.636262609,0.527221104,-5.000297958,5.72E-07,1.75E-05
AT2G15890,68.65546314,-1.557157617,0.311920574,-4.992160653,5.97E-07,1.82E-05
AT1G33240,21.22277929,-1.734812677,0.348839285,-4.973100081,6.59E-07,1.99E-05
AT3G07470,35.01070362,-1.35451473,0.273287337,-4.956375749,7.18E-07,2.15E-05
AT4G24570,18.93659758,-2.416543533,0.489050586,-4.94129565,7.76E-07,2.32E-05
AT5G65207,46.23292188,-2.197894419,0.446345489,-4.924199911,8.47E-07,2.52E-05
AT3G01690,48.11813217,-1.156074087,0.235174082,-4.915822685,8.84E-07,2.61E-05
AT4G24110,7.661803489,-3.315394044,0.674778584,-4.913306561,8.96E-07,2.64E-05
AT3G13750,48.90118794,-1.707754446,0.347909384,-4.908618527,9.17E-07,2.70E-05
AT2G26980,19.17559649,-1.700330605,0.346915577,-4.901280647,9.52E-07,2.79E-05
AT1G02660,20.30261702,-2.091591347,0.427251266,-4.895459683,9.81E-07,2.86E-05
AT3G43190,8.188666866,-3.413416019,0.703881659,-4.849417478,1.24E-06,3.54E-05
AT5G66210,18.63683314,-1.786942755,0.370010511,-4.829437812,1.37E-06,3.90E-05
AT1G02610,7.333705043,-4.148587907,0.85973072,-4.825450352,1.40E-06,3.98E-05
AT5G11070,44.0611314,-1.817658278,0.377775838,-4.811473086,1.50E-06,4.21E-05
AT1G70940,34.46748474,-1.377360969,0.286440591,-4.808539755,1.52E-06,4.26E-05
AT4G17490,13.67364727,-2.650401031,0.553172573,-4.79127339,1.66E-06,4.62E-05
AT5G66985,6.966238837,-3.185646517,0.668427955,-4.765878643,1.88E-06,5.19E-05
AT4G05070,98.04762764,-1.667244098,0.351589104,-4.742024364,2.12E-06,5.80E-05
AT1G70090,11.22552517,-2.468509194,0.522321375,-4.726035177,2.29E-06,6.19E-05
AT1G23870,12.4983449,-2.253797068,0.477070021,-4.724247949,2.31E-06,6.22E-05
AT1G22190,42.96869918,-1.410031345,0.298577081,-4.722503623,2.33E-06,6.27E-05
AT1G22500,8.323138961,-2.839820013,0.601729623,-4.719428638,2.37E-06,6.35E-05
AT1G15670,8.594731602,-2.964320856,0.628798468,-4.714262215,2.43E-06,6.50E-05
AT2G47440,12.28939052,-2.163845455,0.459145859,-4.712762649,2.44E-06,6.54E-05
AT5G25350,27.10755956,-1.676467124,0.35619021,-4.706662561,2.52E-06,6.70E-05
AT5G53160,23.61628584,-1.472187108,0.312880189,-4.705274284,2.54E-06,6.73E-05
AT3G28200,28.97343571,-1.341180995,0.285314034,-4.700718622,2.59E-06,6.87E-05
AT1G75500,48.59711003,-1.114296569,0.237196541,-4.697777482,2.63E-06,6.96E-05
AT2G17230,12.28452159,-2.204391034,0.469565654,-4.694532095,2.67E-06,7.06E-05
AT1G22890,23.39061382,-1.786305688,0.381605177,-4.681031065,2.85E-06,7.51E-05
AT1G12805,5.585895399,-6.1527558,1.314951446,-4.679074516,2.88E-06,7.57E-05
AT1G21050,16.0833282,-1.80609629,0.387359127,-4.662588708,3.12E-06,8.16E-05
AT5G03120,8.095355691,-2.782436948,0.59715077,-4.659521658,3.17E-06,8.26E-05
AT3G07010,12.44974379,-2.055283981,0.443084287,-4.638584672,3.51E-06,9.06E-05
AT5G43700,21.96141323,-1.54813974,0.334380739,-4.629871155,3.66E-06,9.41E-05
AT1G66200,112.4884962,-1.063913339,0.230765009,-4.610375485,4.02E-06,0.000102926
AT5G65430,58.23022871,-1.086114585,0.236423963,-4.593927661,4.35E-06,0.000110601
AT2G15090,20.686864,-1.840753116,0.400812377,-4.592555573,4.38E-06,0.000111019
AT1G27100,25.49630777,-1.591831035,0.346734537,-4.590921477,4.41E-06,0.000111734
AT5G51970,51.44293772,-1.177404287,0.257062478,-4.580226158,4.64E-06,0.000116622
AT5G15120,6.002016266,-5.257148098,1.148025571,-4.579295296,4.67E-06,0.00011698
AT2G35880,22.51443284,-1.657203486,0.362510866,-4.571458788,4.84E-06,0.000120938
AT5G07580,14.2476257,-1.858577184,0.406763492,-4.569183862,4.90E-06,0.000122089
AT1G76090,25.27868448,-1.839874105,0.404210963,-4.551766959,5.32E-06,0.0001321
AT5G49730,24.39170242,-1.728594909,0.38011696,-4.547534289,5.43E-06,0.000134415
AT4G15760,14.57952515,-1.803507582,0.396850639,-4.544550029,5.51E-06,0.000135774
AT5G51550,29.89517752,-1.460406701,0.321396285,-4.54394394,5.52E-06,0.00013598
AT5G49700,8.159138571,-3.092471384,0.680783711,-4.542516709,5.56E-06,0.000136717
AT5G25265,42.90833908,-1.14004989,0.251458396,-4.533751544,5.79E-06,0.000141715
AT3G62720,11.07963568,-2.202005906,0.485937536,-4.531458763,5.86E-06,0.000142906
AT1G68190,22.76350998,-1.538893958,0.342702071,-4.490471718,7.11E-06,0.000171517
AT1G69530,76.98143441,-1.148132103,0.256224179,-4.480967054,7.43E-06,0.000178858
AT3G51910,8.008171183,-2.687904167,0.601702974,-4.467161178,7.93E-06,0.000190035
AT3G60530,33.78042631,-1.484059077,0.332615062,-4.461791558,8.13E-06,0.000194087
AT5G10430,34.64040134,-1.825217452,0.410785967,-4.443232235,8.86E-06,0.000209949
AT4G37450,43.49797804,-1.221353461,0.275137414,-4.439067168,9.03E-06,0.000213213
AT5G51190,14.79819151,-1.988000371,0.447966195,-4.437835702,9.09E-06,0.000214157
AT3G57530,33.95650604,-1.275798257,0.287853135,-4.432115207,9.33E-06,0.000219347
AT3G27770,44.98187408,-1.09115086,0.247290578,-4.412423909,1.02E-05,0.000238113
AT2G28630,6.701780105,-3.126389824,0.709304109,-4.407686047,1.04E-05,0.000242753
AT5G37740,26.90713392,-1.338434032,0.304514416,-4.395305974,1.11E-05,0.000255693
AT2G23130,25.18598672,-1.449606586,0.329882395,-4.394313264,1.11E-05,0.000256536
AT2G47930,16.24845622,-1.954566127,0.444930949,-4.392965094,1.12E-05,0.000257803
AT5G41080,18.03490343,-1.574644307,0.358930451,-4.387045743,1.15E-05,0.000264579
AT3G45730,11.22876906,-2.090259028,0.476529141,-4.386424346,1.15E-05,0.000264998
AT2G47700,37.68173775,-1.291432698,0.294870996,-4.379653186,1.19E-05,0.000273019
AT5G54510,16.03595687,-1.812157206,0.413844635,-4.378834595,1.19E-05,0.000273698
AT3G57450,19.25169259,-1.55788725,0.356472465,-4.370287758,1.24E-05,0.000283195
AT1G04040,63.08658442,-1.356166198,0.310524838,-4.367335663,1.26E-05,0.000286231
AT3G22060,37.8401282,-1.402622701,0.321166576,-4.367274815,1.26E-05,0.000286231
AT2G38470,60.94109962,-1.235223167,0.283229917,-4.361203008,1.29E-05,0.00029364
AT2G36950,13.3444361,-1.979730223,0.454320719,-4.357560945,1.32E-05,0.000297535
AT3G49780,28.11376256,-1.373932859,0.316381153,-4.342650777,1.41E-05,0.000316093
AT4G26320,15.454393,-2.67832595,0.617438722,-4.337800421,1.44E-05,0.000321548
AT1G03090,21.77429354,-1.571362775,0.363501555,-4.322850218,1.54E-05,0.000341602
AT5G61440,7.5573667,-2.473838505,0.572453755,-4.321464371,1.55E-05,0.000343109
AT4G30440,116.4283643,-1.202256228,0.278465855,-4.317427811,1.58E-05,0.000347962
AT1G71970,12.14145203,-2.098818997,0.486961295,-4.310032479,1.63E-05,0.000358335
AT1G14200,15.16196583,-1.885943328,0.437987437,-4.305930189,1.66E-05,0.000364315
AT5G59080,19.11588668,-1.505301307,0.349707264,-4.30446108,1.67E-05,0.000366296
AT5G18080,9.426813663,-2.312003261,0.537511352,-4.301310571,1.70E-05,0.000370197
AT5G58430,25.90577244,-1.495730028,0.347884361,-4.299503499,1.71E-05,0.000372778
AT4G21740,20.18763061,-1.491221866,0.347455796,-4.291831891,1.77E-05,0.000385432
AT2G31810,29.82310729,-1.246004647,0.290554857,-4.288362827,1.80E-05,0.000390559
AT3G23730,19.90159057,-1.448863164,0.337910804,-4.287708912,1.81E-05,0.00039124
AT3G07350,24.56567711,-1.542358385,0.360042332,-4.283825122,1.84E-05,0.000397182
AT5G25190,6.644680333,-2.77986358,0.650049945,-4.276384606,1.90E-05,0.000409215
AT3G46900,13.36897783,-1.830262131,0.427968511,-4.276628032,1.90E-05,0.000409215
AT4G18205,15.72001099,-1.719700327,0.402361511,-4.274017963,1.92E-05,0.000411677
AT2G26975,23.56261434,-1.468938084,0.343811696,-4.272507605,1.93E-05,0.000413928
AT3G10720,21.52053928,-1.759116476,0.412043366,-4.269250812,1.96E-05,0.00041952
AT3G01190,7.60809232,-2.47296978,0.579408393,-4.268094505,1.97E-05,0.000420703
AT1G58180,43.89694317,-1.265844089,0.296775723,-4.265322229,2.00E-05,0.000424956
AT3G13062,13.38714069,-1.873065344,0.439332403,-4.263435458,2.01E-05,0.000428057
AT1G80840,19.28543592,-1.798356052,0.422537515,-4.256086115,2.08E-05,0.000441326
AT1G18400,6.949310011,-2.888506665,0.682388053,-4.232938508,2.31E-05,0.000487025
AT4G17900,25.03063974,-1.342349019,0.317191092,-4.231988394,2.32E-05,0.000488516
AT1G14280,10.67534704,-2.026049382,0.479771976,-4.222942324,2.41E-05,0.000505596
AT2G25735,6.869262148,-2.705195529,0.641801381,-4.215004222,2.50E-05,0.000521477
AT3G56400,28.47182419,-1.716801078,0.407591006,-4.212068113,2.53E-05,0.000527505
AT1G10682,51.92163252,-1.082174183,0.256988455,-4.210983663,2.54E-05,0.000529432
AT5G45340,9.993346923,-2.631352276,0.627554611,-4.193025168,2.75E-05,0.000568564
AT2G17850,4.563482826,-5.943306777,1.42001061,-4.185396035,2.85E-05,0.000586659
AT1G16170,15.80096283,-1.896766677,0.454163476,-4.17639634,2.96E-05,0.000607748
AT2G34510,17.43692368,-1.500189285,0.359641572,-4.171345585,3.03E-05,0.000620495
AT3G54880,29.15072143,-1.169332635,0.280584572,-4.16748728,3.08E-05,0.000630372
AT5G24590,18.61250113,-1.557627353,0.373791623,-4.167100755,3.08E-05,0.000630727
AT3G50480,60.26265467,-1.352303815,0.325762535,-4.151195028,3.31E-05,0.000670254
AT5G28630,7.772821531,-2.771617169,0.669014179,-4.142837711,3.43E-05,0.000692708
AT5G03552,12.06665085,-2.247729292,0.542875964,-4.140410411,3.47E-05,0.000699297
AT2G18300,10.06361484,-2.034479319,0.492104411,-4.134243208,3.56E-05,0.000717539
AT5G57685,12.99549546,-2.007002865,0.485962402,-4.129955025,3.63E-05,0.000729426
AT5G18670,16.4974166,-1.544410961,0.374773865,-4.120914254,3.77E-05,0.000755288
AT5G11090,77.50711639,-1.530135769,0.371965994,-4.113644244,3.89E-05,0.000775187
AT1G22330,5.124587181,-3.220083085,0.78349909,-4.109874699,3.96E-05,0.000786217
AT1G52070,21.16552932,-1.657982801,0.404154086,-4.102353184,4.09E-05,0.000807782
AT2G43820,29.82241324,-1.450687944,0.353888393,-4.099280936,4.14E-05,0.000817684
AT2G19590,7.499403934,-2.40047841,0.585753407,-4.098104048,4.17E-05,0.000820954
AT5G47370,29.42268495,-1.282891552,0.313099357,-4.097394394,4.18E-05,0.000822576
AT2G36690,4.071776049,-5.72621961,1.398556635,-4.094378066,4.23E-05,0.00083064
AT5G46780,13.1195934,-1.708528578,0.417805844,-4.089288368,4.33E-05,0.000848155
AT4G33070,19.21555435,-1.628713142,0.399628874,-4.075564225,4.59E-05,0.000897817
AT2G24600,11.95871682,-1.89470846,0.465774528,-4.067866206,4.74E-05,0.000923987
AT3G17100,51.79766495,-1.358018172,0.335455594,-4.048279999,5.16E-05,0.000995141
AT2G44500,9.911817789,-2.089876104,0.51654453,-4.045877913,5.21E-05,0.001003258
AT5G64570,15.01396863,-1.881364121,0.465078089,-4.045265013,5.23E-05,0.001004815
AT3G62040,28.30073696,-1.199582212,0.296599696,-4.044448555,5.24E-05,0.00100725
AT4G25810,8.72917254,-2.455214591,0.608260621,-4.036451653,5.43E-05,0.001037774
AT5G19530,14.02105793,-1.680302981,0.416528074,-4.034068974,5.48E-05,0.001046143
AT2G34600,7.290318483,-2.459286689,0.611104165,-4.024333053,5.71E-05,0.001086928
AT1G18300,6.799741841,-2.86266956,0.713339132,-4.013055548,5.99E-05,0.001135422
AT4G12730,62.79253077,-1.259110201,0.314292713,-4.00617052,6.17E-05,0.001165346
AT4G30290,28.25237875,-1.195313586,0.298560485,-4.003589378,6.24E-05,0.001176909
AT4G15800,32.67982121,-1.204920951,0.301156817,-4.000975179,6.31E-05,0.001188746
AT1G55330,50.11071143,-1.786010685,0.446611098,-3.999028893,6.36E-05,0.001197313
AT5G53550,12.4355926,-1.880809664,0.471006288,-3.993173152,6.52E-05,0.001223455
AT1G09250,15.38491126,-1.5307848,0.38339309,-3.99272924,6.53E-05,0.001224476
AT4G31800,27.00925897,-1.52498898,0.3821504,-3.990546601,6.59E-05,0.001234518
AT5G39890,3.582098657,-5.379020656,1.348451977,-3.989033905,6.63E-05,0.001241129
AT5G54380,7.35126244,-2.341848318,0.587207299,-3.988111729,6.66E-05,0.001244672
AT5G53250,5.113231701,-3.030487657,0.760241126,-3.986219048,6.71E-05,0.001252045
AT2G42380,6.411766494,-2.595047496,0.651935187,-3.980529884,6.88E-05,0.00127975
AT3G02170,8.175135089,-2.245855629,0.565151378,-3.973901004,7.07E-05,0.001311857
AT5G64100,9.378740084,-2.001140202,0.503825558,-3.971891002,7.13E-05,0.001321619
AT4G15390,12.02418767,-1.834407718,0.463259521,-3.959784168,7.50E-05,0.001383142
AT3G61640,34.14340704,-1.157085386,0.29299918,-3.949107937,7.84E-05,0.001440622
AT2G18700,26.4163713,-1.335766429,0.338521739,-3.945880798,7.95E-05,0.001458682
AT2G35930,10.9461947,-2.138621385,0.542025507,-3.945610227,7.96E-05,0.001458847
AT5G18600,38.50874681,-1.715911321,0.434988135,-3.944731327,7.99E-05,0.001462723
AT5G54710,14.06467308,-1.616859455,0.411288459,-3.931205505,8.45E-05,0.001539715
AT5G66490,13.31127403,-1.810123491,0.460561442,-3.930254086,8.49E-05,0.001542707
AT2G42580,10.42785065,-1.89614941,0.482421603,-3.930481963,8.48E-05,0.001542707
AT1G26945,21.51073081,-1.471889334,0.374934226,-3.925726784,8.65E-05,0.001570434
AT1G73540,31.26131275,-1.453956752,0.370777573,-3.921371888,8.80E-05,0.001595883
AT1G28660,6.209465289,-2.798066137,0.715336567,-3.911537959,9.17E-05,0.001657302
AT2G27830,36.7955532,-1.337795834,0.342773351,-3.90285835,9.51E-05,0.001712753
AT3G57930,14.41837734,-1.795317232,0.460420457,-3.899299442,9.65E-05,0.001735659
AT3G11820,28.86864654,-1.278189426,0.328751164,-3.888014902,0.000101067,0.001806505
AT3G61210,14.66350427,-1.574027839,0.404911826,-3.887334816,0.000101351,0.00180978
AT2G38120,17.04304817,-1.476322508,0.379839164,-3.886704287,0.000101614,0.001812693
AT5G06980,24.66171892,-1.146272542,0.295083771,-3.884566541,0.000102513,0.001825109
AT2G36050,7.039242176,-2.413616796,0.621480285,-3.883657861,0.000102897,0.001830142
AT4G08850,16.45285294,-1.46277696,0.376816616,-3.881933269,0.000103629,0.001837741
AT1G73330,102.5076053,-1.254410511,0.323513647,-3.877457789,0.000105554,0.001866366
AT3G10740,32.59489286,-1.125750048,0.290956199,-3.869139238,0.00010922,0.00192554
AT3G49790,9.391814159,-2.256554379,0.583200646,-3.869259055,0.000109167,0.00192554
AT5G02840,29.47082255,-1.096029452,0.283867221,-3.861063801,0.000112894,0.001983215
AT2G29340,22.00928187,-1.315914579,0.341409601,-3.854357272,0.000116034,0.002031778
AT2G30010,10.09927562,-1.791063415,0.464741092,-3.853895093,0.000116253,0.002033646
AT3G25600,12.43401353,-1.70311693,0.442209045,-3.851384201,0.000117452,0.002052625
AT1G09750,75.86104516,-1.102396993,0.286521285,-3.847522163,0.000119318,0.002079205
AT1G76990,23.76374575,-1.142314801,0.296976279,-3.846484993,0.000119824,0.002086009
AT3G50800,16.36055236,-1.806710395,0.470059564,-3.843577569,0.000121254,0.002108856
AT5G22270,27.42993917,-1.329061599,0.345994415,-3.841280504,0.000122394,0.002126643
AT2G01180,7.429133412,-2.306220709,0.601060745,-3.836917862,0.000124588,0.002162682
AT3G61060,28.10510976,-1.347683293,0.351980399,-3.828858931,0.000128739,0.002230442
AT1G76650,21.31062372,-1.504254237,0.393193503,-3.82573523,0.000130382,0.00225028
AT3G03270,49.51179871,-1.211300219,0.317692989,-3.812801232,0.000137401,0.002357883
AT3G54830,10.05426772,-1.859120954,0.488589099,-3.805080708,0.000141758,0.002423444
AT2G37130,46.42481588,-1.251973219,0.329020516,-3.805152438,0.000141717,0.002423444
AT1G15380,9.85588226,-1.85418684,0.487327955,-3.804802949,0.000141917,0.002423869
AT4G18340,9.055096464,-1.898048737,0.499162451,-3.802466975,0.000143262,0.002444112
AT5G51390,7.282118686,-2.456422925,0.64619234,-3.801380442,0.000143892,0.002448458
AT4G18197,8.685027194,-2.049637112,0.539809911,-3.796960874,0.000146481,0.002485357
AT1G28280,36.06874745,-1.004565255,0.264931946,-3.791786043,0.000149568,0.002531489
AT4G34760,13.08090783,-1.579489942,0.416590835,-3.791465895,0.000149761,0.002531489
AT5G44572,11.26375068,-1.802321251,0.475694598,-3.788820097,0.000151364,0.00255583
AT4G27260,11.18224797,-1.845021965,0.486989961,-3.788624228,0.000151484,0.00255583
AT1G61740,40.64682032,-1.067769942,0.282017937,-3.786177405,0.000152982,0.002576299
AT4G29310,4.872548105,-2.808903253,0.742001456,-3.78557647,0.000153353,0.002580126
AT5G67400,13.81670545,-1.839153311,0.486091905,-3.783550582,0.000154607,0.002598806
AT2G41560,29.69116822,-1.132858746,0.299521625,-3.782226892,0.000155432,0.002607813
AT5G43350,6.210678569,-2.534849113,0.671255051,-3.77628311,0.000159186,0.002663379
AT1G14740,27.44539693,-1.205547612,0.319942118,-3.768017855,0.000164549,0.002740408
AT5G47220,10.53747642,-2.03991347,0.542163672,-3.762541783,0.000168195,0.002798551
AT2G14247,8.442416355,-2.148376163,0.571276363,-3.760659992,0.000169466,0.002814502
AT3G16850,27.71241633,-1.144266851,0.304607338,-3.756530819,0.000172285,0.002856072
AT5G13090,12.74065717,-1.588980146,0.423574842,-3.751356285,0.000175881,0.002910332
AT4G26010,15.95107958,-1.601924285,0.427218593,-3.749659564,0.000177075,0.00292741
AT1G33610,4.966895798,-2.801510102,0.749396052,-3.738357167,0.000185227,0.00304822
AT1G10020,4.65782256,-2.968203397,0.794507217,-3.735904891,0.000187041,0.003064118
AT1G01490,49.52258523,-1.476338758,0.396540606,-3.723045594,0.000196834,0.003195543
AT1G80650,13.77656618,-1.635471018,0.439358377,-3.722407726,0.000197332,0.00320075
AT1G12580,20.70619806,-1.281180616,0.345391761,-3.709354888,0.000207788,0.003351356
AT1G69850,22.36308731,-1.279875743,0.345151538,-3.708155994,0.000208774,0.003362175
AT3G46090,5.553848603,-2.511565926,0.677564172,-3.706757281,0.00020993,0.003376875
AT1G49500,77.70925529,-1.629756446,0.439726515,-3.706295599,0.000210313,0.003377916
AT5G59520,5.445001632,-2.58215301,0.697221762,-3.703488835,0.000212655,0.003406435
AT5G32450,25.93572827,-1.060712855,0.286445185,-3.703022111,0.000213046,0.003409685
AT1G73120,9.939922757,-1.862279509,0.503030062,-3.702123692,0.000213802,0.003418754
AT5G26200,4.789707945,-2.826716913,0.763935812,-3.700202121,0.000215428,0.003436669
AT5G61600,17.24455949,-1.652483178,0.44660206,-3.700124393,0.000215494,0.003436669
AT5G19230,20.21471967,-1.43937921,0.389381471,-3.696578589,0.000218525,0.003475793
AT4G38932,32.45446279,-1.451948999,0.392914814,-3.695327705,0.000219603,0.003486807
AT5G14330,18.05114922,-1.453415283,0.394203188,-3.686969884,0.00022694,0.003587523
AT2G37460,10.11157016,-1.691268824,0.460309718,-3.67419752,0.000238598,0.003744206
AT4G31510,20.78298746,-1.424545669,0.388520558,-3.666590193,0.000245806,0.003842026
AT4G15700,4.550353779,-3.069170236,0.839144439,-3.657499344,0.000254688,0.003973968
AT1G77640,2.4543738,-5.968533588,1.633956454,-3.652810681,0.000259385,0.004040281
AT1G62422,8.663675964,-1.864678656,0.510704812,-3.651186774,0.000261031,0.004062412
AT4G18970,28.23735056,-1.070468931,0.293222473,-3.650705627,0.000261521,0.004066525
AT1G50740,23.93895948,-1.286600078,0.352571927,-3.649184691,0.000263074,0.004087154
AT4G22010,27.97048347,-1.107498938,0.303520366,-3.648845551,0.000263421,0.004089034
AT5G44680,16.56994507,-1.369208814,0.376339125,-3.638231375,0.000274517,0.004239393
AT5G02290,21.29401475,-1.223435465,0.336336355,-3.637535605,0.000275259,0.004243598
AT3G12610,17.48676545,-1.326831036,0.365693688,-3.628257965,0.00028534,0.004376588
AT1G77330,12.5674464,-1.619313436,0.446646988,-3.625488312,0.000288416,0.004408783
AT3G28180,22.20171349,-1.172759549,0.3238914,-3.62084189,0.000293646,0.004477783
AT5G58090,21.0479844,-1.261597131,0.348777984,-3.617192562,0.000297816,0.004525646
AT1G17860,46.21741053,-1.01912863,0.282836481,-3.603243208,0.000314271,0.004751707
AT1G67910,3.958015679,-3.317412137,0.924436046,-3.588579385,0.000332485,0.004985338
AT3G06080,13.80057326,-1.410573295,0.393425925,-3.585359286,0.000336614,0.005043071
AT1G18740,13.77944323,-1.518883935,0.424859405,-3.575027213,0.000350191,0.00522912
AT1G72360,4.635578137,-3.234332036,0.90907857,-3.557813529,0.000373955,0.005524552
AT1G10140,26.80897486,-1.353781697,0.380588256,-3.557076908,0.000375004,0.005535531
AT1G60140,20.3906716,-1.320899358,0.371722635,-3.553454193,0.000380207,0.005603171
AT3G24550,24.1736162,-1.323878631,0.37276208,-3.551537832,0.000382987,0.005639366
AT4G25260,13.48211746,-1.420274475,0.400417685,-3.546982387,0.000389671,0.005723941
AT5G08330,20.14244107,-1.210002087,0.341710967,-3.541010395,0.000398598,0.005831351
AT1G09415,20.2859439,-1.507680335,0.425919925,-3.539821096,0.000400398,0.005848213
AT3G16857,17.02860478,-1.368595868,0.38661833,-3.539914591,0.000400257,0.005848213
AT5G19240,83.04913512,-1.083817372,0.306346671,-3.537878733,0.000403355,0.005881884
AT3G04210,8.578976817,-1.960411313,0.554195469,-3.53740047,0.000404086,0.005887791
AT1G65845,21.73585015,-1.333740811,0.37744411,-3.533611405,0.000409923,0.005953616
AT3G19850,10.06548664,-1.763960091,0.499485637,-3.531553179,0.000413127,0.005985696
AT3G23430,11.45151575,-1.635935944,0.463508975,-3.529459042,0.00041641,0.00602843
AT1G49032,11.34032936,-1.738684506,0.493456363,-3.523481786,0.000425916,0.006131633
AT4G23180,20.45942891,-1.328964184,0.377791538,-3.517718237,0.000435274,0.006256375
AT1G61100,17.87232699,-1.299298572,0.369529021,-3.516093455,0.000437947,0.006287564
AT4G24240,11.36060194,-1.659781002,0.472068369,-3.515975883,0.000438141,0.006287564
AT5G50335,4.206263256,-2.8709924,0.817833425,-3.510485526,0.000447289,0.00640866
AT1G75100,15.01966818,-1.308984777,0.373317631,-3.506356698,0.000454286,0.006503747
AT3G28910,7.068747169,-2.039849426,0.581815902,-3.506004941,0.000454887,0.006507188
AT5G45110,8.27715498,-1.946797801,0.55534936,-3.505537132,0.000455687,0.006513473
AT2G05540,62.8632495,-1.244611158,0.355088216,-3.505075926,0.000456477,0.006519605
AT1G13640,16.10035323,-1.545788226,0.441587903,-3.50052213,0.000464348,0.006611095
AT3G43800,22.10740977,-1.148437811,0.328303173,-3.498101463,0.000468583,0.006660886
AT1G64640,15.55001827,-1.36541279,0.391116833,-3.49106117,0.000481106,0.006812085
AT5G15330,7.071091106,-2.088669873,0.599478491,-3.48414481,0.000493712,0.006963272
AT5G43290,1.886193041,-5.126273013,1.47161187,-3.483440924,0.000495012,0.006976158
AT1G52200,8.273482098,-2.021934902,0.580829627,-3.481115302,0.00049933,0.007031524
AT3G62930,5.174683048,-2.619780005,0.752820477,-3.47995317,0.000501501,0.00705659
AT2G25200,4.19040092,-3.116702535,0.89617247,-3.477793215,0.00050556,0.0070971
AT1G30110,9.816267985,-1.785981998,0.516206718,-3.459819365,0.000540538,0.007512186
AT5G23860,19.72371792,-1.162898309,0.336380235,-3.457094645,0.000546033,0.007582719
AT2G04690,31.05164814,-1.008089855,0.291995972,-3.45241014,0.000555603,0.007691942
AT5G42680,3.777174576,-3.030745337,0.879701688,-3.445196683,0.000570644,0.007870005
AT1G68238,4.910804774,-2.729818923,0.793314987,-3.441027798,0.000579509,0.007955799
AT1G29690,12.86706299,-1.435458973,0.417659969,-3.436908205,0.000588395,0.008059404
AT3G49530,19.38585098,-1.277123411,0.371632522,-3.436522195,0.000589234,0.008064778
AT3G25930,12.3551861,-1.586229583,0.461751458,-3.435245424,0.000592017,0.008096735
AT3G02380,15.77145511,-1.328696465,0.38721906,-3.431381875,0.000600515,0.008200522
AT4G38860,11.83641121,-1.584825739,0.464035311,-3.415312807,0.000637088,0.008621702
AT5G44380,16.69479079,-1.380378411,0.40471877,-3.410710134,0.000647939,0.008746335
AT1G49200,3.473126341,-4.563794463,1.339071222,-3.408179034,0.00065398,0.008810668
AT3G06380,16.48353577,-1.394454463,0.409754599,-3.40314536,0.000666148,0.008954561
AT5G50760,3.645894169,-3.569135269,1.050519281,-3.397496204,0.000680055,0.00912791
AT5G18150,26.46972658,-1.058008561,0.311613867,-3.39525507,0.000685647,0.00918248
AT1G65310,7.269832921,-1.901548974,0.561151074,-3.388657815,0.000702356,0.009364574
AT5G66580,13.01471365,-1.68762459,0.499410866,-3.379230817,0.00072689,0.009656024
AT1G50060,4.829775347,-2.516791749,0.745377335,-3.376533779,0.000734054,0.009736862
AT3G57330,13.07379327,-1.441707363,0.427213246,-3.374678514,0.00073902,0.009795538
AT3G23050,56.48133891,-1.054981971,0.31287396,-3.371907237,0.000746496,0.009865659
AT1G25400,6.909567152,-2.169725305,0.645173031,-3.363013023,0.000770967,0.010166744
AT5G04720,15.13336629,-1.438212772,0.428004515,-3.360274771,0.00077865,0.010253076
AT3G15060,11.75753426,-1.49527543,0.445133405,-3.359162478,0.000781791,0.010286932
AT1G74450,9.600502638,-1.774088922,0.528701502,-3.355558696,0.000792048,0.010399164
AT3G46280,3.123223516,-4.385997203,1.307510071,-3.354465332,0.000795185,0.01043276
AT2G03350,22.96421513,-1.159661091,0.345855642,-3.353020594,0.000799348,0.010472149
AT5G64920,21.00074908,-1.240084376,0.370839904,-3.343988509,0.000825832,0.010772209
AT3G27027,6.674370544,-2.196447688,0.657038602,-3.342950753,0.000828926,0.010804767
AT1G34370,25.56823974,-1.091613512,0.326913,-3.339156018,0.000840334,0.010937665
AT1G01430,26.75977389,-1.052110225,0.315153531,-3.338405324,0.000842607,0.010945789
AT2G04795,5.803215243,-2.321516635,0.695408501,-3.338349517,0.000842777,0.010945789
AT2G43060,19.75068753,-1.260870706,0.377656224,-3.338673182,0.000841795,0.010945789
AT5G23020,18.33553473,-1.265524695,0.379115878,-3.338094682,0.00084355,0.010947957
AT1G13300,7.149741073,-1.906770287,0.573028883,-3.327529106,0.000876198,0.011339074
AT1G26800,7.416514258,-2.128015461,0.639995152,-3.325049343,0.000884029,0.011432216
AT1G52190,10.74486308,-1.534459636,0.461951651,-3.321688824,0.000894744,0.011537726
AT4G08290,16.08841528,-1.287185668,0.387954081,-3.317881497,0.00090703,0.011640853
AT1G28380,18.1743924,-1.232998696,0.372003543,-3.314481057,0.000918134,0.011755371
AT2G35470,25.43363183,-1.050431887,0.317344161,-3.310071577,0.000932721,0.011925223
AT3G54810,21.92508697,-1.114652201,0.336822664,-3.309314719,0.000935246,0.011949047
AT3G49960,7.698613648,-1.868900314,0.565151719,-3.306900168,0.000943345,0.012035483
AT4G26400,15.87322688,-1.295168355,0.393199937,-3.293918012,0.000988013,0.01254332
AT4G12510,7.272095567,-2.234461623,0.67855561,-3.292967576,0.000991359,0.012576954
AT5G54370,10.04992207,-1.728325434,0.525089481,-3.291487447,0.000996591,0.012634446
AT1G35350,7.286995679,-1.808846388,0.549941689,-3.289160332,0.001004868,0.012706432
AT1G13260,15.01460427,-1.307832726,0.39850831,-3.281820457,0.001031393,0.012930368
AT1G32460,25.22105857,-1.225755049,0.373464819,-3.282116512,0.00103031,0.012930368
AT4G31320,4.922861996,-2.441474823,0.74393753,-3.281827742,0.001031366,0.012930368
AT1G01060,8.374549276,-1.770520174,0.539861494,-3.279582253,0.001039609,0.013022495
AT3G23880,4.09342652,-3.020105608,0.922492499,-3.273853836,0.001060915,0.013226998
AT4G21445,20.97527818,-1.190161232,0.363651235,-3.272809542,0.001064842,0.0132668
AT4G25620,10.69529137,-1.472605669,0.450241542,-3.270701464,0.001072811,0.013347661
AT4G23820,23.92406037,-1.222948837,0.374518126,-3.265392923,0.001093123,0.013581662
AT1G68670,23.62737065,-1.016187723,0.31138699,-3.263423829,0.001100748,0.013657593
AT4G02440,13.46435868,-1.402223231,0.430322108,-3.25854332,0.001119858,0.013856609
AT1G29430,5.223436511,-2.331263614,0.717905997,-3.247310405,0.001165013,0.014336722
AT1G60010,33.19183252,-1.039188504,0.321011379,-3.23723261,0.00120695,0.014802355
AT3G62680,21.85352547,-1.277393656,0.394983861,-3.234040128,0.001220523,0.014948509
AT1G78000,5.991636775,-1.994056236,0.616793093,-3.232941901,0.001225225,0.014995921
AT1G52060,12.4351892,-1.711735875,0.530143631,-3.228815316,0.001243041,0.015172837
AT2G18328,25.07811137,-1.095262663,0.339205013,-3.228910598,0.001242627,0.015172837
AT1G69890,8.739441351,-1.804552791,0.559361472,-3.226094186,0.001254921,0.015307487
AT1G33600,36.32297496,-1.145376336,0.355132482,-3.225208607,0.001258809,0.015344551
AT5G58650,30.11575897,-1.048742642,0.325350482,-3.223424271,0.001266678,0.015409256
AT1G04280,13.70462348,-1.370950512,0.425466716,-3.222227406,0.001271981,0.015442555
AT4G34410,3.41175551,-3.3776014,1.04862973,-3.220966661,0.00127759,0.015469037
AT5G64850,24.41815873,-1.068376527,0.331959415,-3.218395013,0.001289102,0.015577075
AT3G25190,7.881135172,-1.660652343,0.51619023,-3.217132455,0.001294788,0.015624872
AT1G66940,9.60452795,-1.554219988,0.483662519,-3.213438974,0.001311557,0.015785022
AT3G47710,2.492552883,-4.616814167,1.437024898,-3.212758647,0.001314667,0.015811916
AT2G27402,19.46677845,-1.187145959,0.369538381,-3.212510584,0.001315803,0.015815041
AT3G06850,14.43233248,-1.303869471,0.40593193,-3.212039687,0.001317962,0.015830447
AT5G39580,5.224183669,-2.369571405,0.742311919,-3.192150557,0.001412177,0.016816644
AT5G40450,17.99902388,-1.965528214,0.617162548,-3.184782067,0.001448631,0.017182738
AT1G63800,36.73090654,-1.138226112,0.35769076,-3.182151288,0.001461854,0.017316835
AT4G39400,19.52823192,-1.164233742,0.366005849,-3.180915675,0.001468104,0.017379458
AT1G09390,7.564428685,-1.716110321,0.540639941,-3.174220382,0.001502396,0.017762115
AT1G53730,12.26702816,-1.348606845,0.425166132,-3.171952662,0.001514177,0.017885145
AT3G13450,17.22284432,-1.367872288,0.431288977,-3.171591118,0.001516063,0.017888552
AT2G31880,21.43418719,-1.207668472,0.380992263,-3.169797894,0.00152545,0.017987557
AT5G15830,3.788255341,-2.538573854,0.801387943,-3.167721547,0.001536386,0.01808108
AT3G12150,6.418077013,-1.932148481,0.60999007,-3.167508092,0.001537514,0.018082571
AT4G19690,4.254383531,-2.700499979,0.852885066,-3.166311721,0.001543853,0.018133487
AT1G35670,13.51070837,-1.288433927,0.408241349,-3.156059347,0.001599163,0.018734389
AT5G18030,6.346445343,-2.016282943,0.638914138,-3.155796409,0.001600605,0.018739124
AT2G18980,8.853981926,-1.604516925,0.508929418,-3.152729768,0.001617515,0.01891256
AT1G80830,12.16731091,-1.333193171,0.4233859,-3.1488842,0.001638951,0.019101347
AT5G41761,6.072337548,-2.036206279,0.646614304,-3.149027584,0.001638147,0.019101347
AT3G12320,19.69677387,-1.031993755,0.328064792,-3.145701029,0.001656893,0.019285549
AT4G13390,16.27496433,-1.397155432,0.444992045,-3.139731258,0.001691029,0.019638258
AT2G28120,3.103145552,-3.344454276,1.065698337,-3.138274837,0.001699454,0.019717385
AT3G29370,1.839276296,-5.530738274,1.762612682,-3.137806921,0.00170217,0.019723535
AT3G26165,4.567100228,-2.658997511,0.848529466,-3.133653711,0.001726445,0.019958922
AT5G01810,18.30019749,-1.166977521,0.373975508,-3.120465101,0.001805657,0.020775988
AT1G32170,8.756806834,-1.584352642,0.510159105,-3.105604951,0.001898902,0.021683037
AT1G02710,5.492459732,-2.14480919,0.691333707,-3.102422417,0.001919439,0.021889844
AT1G67470,3.448582982,-2.819043167,0.909254761,-3.100388677,0.001932668,0.021999032
AT4G38420,11.35252915,-1.312029545,0.423894007,-3.095183051,0.001966915,0.022332522
AT1G24170,17.06275645,-1.153682257,0.372777159,-3.094830864,0.001969252,0.022345002
AT3G15530,11.96774318,-1.354808643,0.438104436,-3.092433062,0.00198523,0.022469816
AT3G55960,22.65152064,-1.068860127,0.346032056,-3.08890494,0.002008957,0.022709895
AT1G23030,6.096812585,-1.879943324,0.60911892,-3.086332177,0.002026423,0.022864384
AT4G09160,5.734847772,-1.910610597,0.622134403,-3.071057619,0.00213302,0.023947393
AT5G16030,67.94825676,-1.237378478,0.403253675,-3.068486547,0.00215146,0.024094485
AT4G30610,8.611429241,-1.506001523,0.490957033,-3.067481307,0.00215871,0.024145715
AT4G32280,1.755557974,-5.464905028,1.781718435,-3.06721024,0.002160668,0.024152659
AT4G31910,4.33819682,-2.441039965,0.796386225,-3.065145889,0.002175638,0.02428992
AT5G58120,3.185164161,-2.979496249,0.973413278,-3.060874879,0.002206913,0.024563132
AT4G02970,46.77229274,-1.012643679,0.330821838,-3.060994054,0.002206035,0.024563132
AT1G33050,14.36495093,-1.330975084,0.4349238,-3.060248905,0.002211531,0.024599366
AT4G04570,10.71302465,-1.4182081,0.463724665,-3.05829775,0.002225983,0.024731967
AT1G65970,10.56300082,-1.404675859,0.459425818,-3.057459561,0.002232218,0.024783656
AT1G14210,20.07169296,-1.038132088,0.340446164,-3.049328201,0.002293538,0.025324303
AT5G62340,5.898550279,-2.050410693,0.673350897,-3.045084967,0.002326146,0.025652969
AT5G57625,10.97389615,-1.426596402,0.469243498,-3.04020494,0.002364172,0.025963181
AT3G03850,1.563605969,-5.127174063,1.686314236,-3.040461828,0.002362156,0.025963181
AT3G18690,5.108837245,-2.198888438,0.723346477,-3.039882694,0.002366703,0.025970459
AT4G26690,20.73917588,-1.112491597,0.366274763,-3.037314359,0.002386964,0.026116277
AT3G12110,7.802997566,-1.582592129,0.521462456,-3.03491097,0.002406067,0.026309344
AT5G65730,20.87372293,-1.372682665,0.452805254,-3.031507813,0.002433356,0.026575547
AT1G11545,12.6654403,-1.258436434,0.415803678,-3.02651588,0.002473898,0.026953099
AT1G10990,2.964843642,-3.019909533,0.999702522,-3.020808157,0.00252101,0.027400891
AT2G23290,5.583593068,-1.927467756,0.639374066,-3.014616727,0.002573042,0.027898573
AT1G80240,9.975141291,-1.399194425,0.464451194,-3.012575795,0.002590407,0.028053164
AT1G27770,14.618724,-1.222463756,0.406110297,-3.010176705,0.002610957,0.02824183
AT2G43140,2.55540961,-3.988352516,1.326396322,-3.006908606,0.002639191,0.028513055
AT1G59590,5.215772934,-1.98882193,0.664755516,-2.991809592,0.002773292,0.029765896
AT3G25717,15.90965659,-1.136822137,0.380052667,-2.991222626,0.002778628,0.029787754
AT5G18630,25.79703029,-1.011351088,0.338608364,-2.98678708,0.00281926,0.030151718
AT5G38990,9.229494428,-1.580793473,0.530126579,-2.98191703,0.002864496,0.030545038
AT3G45970,26.66434153,-1.052473209,0.353427925,-2.977900541,0.002902301,0.030911651
AT1G69040,18.71607469,-1.059354267,0.35576685,-2.977664351,0.002904539,0.030917239
AT5G59750,13.38597754,-1.226278567,0.411865458,-2.977376573,0.002907267,0.030928042
AT3G54040,9.303888384,-1.462629993,0.491318294,-2.976949997,0.002911315,0.030952867
AT1G75490,2.043928452,-4.568519249,1.535526382,-2.975213779,0.002927844,0.031073706
AT4G01950,14.14199752,-1.275163362,0.428587,-2.975273073,0.002927278,0.031073706
AT1G23710,15.42478237,-1.429122215,0.48039649,-2.974880633,0.002931026,0.031089194
AT3G26200,2.923297742,-3.225231736,1.08480282,-2.973104122,0.002948044,0.031196391
AT2G24980,17.97315328,-1.297232634,0.436381894,-2.97270041,0.002951924,0.03121915
AT2G21210,25.12016724,-1.004144205,0.339605047,-2.95680001,0.003108497,0.032721685
AT1G11735,3.284873834,-2.993560433,1.014480394,-2.950831233,0.0031692,0.033191827
AT5G63470,14.43402082,-1.320012995,0.447343461,-2.950781913,0.003169706,0.033191827
AT1G35612,11.24982348,-1.370392696,0.464758283,-2.948613817,0.003192026,0.033406169
AT3G44260,19.30109034,-1.428161899,0.48440934,-2.948254256,0.003195741,0.033406319
AT3G50560,4.262725543,-2.317978015,0.788414142,-2.94005129,0.003281579,0.034211857
AT5G23210,8.916995845,-1.446940607,0.492625815,-2.937200132,0.003311903,0.034480844
AT3G19930,24.49153191,-1.146308905,0.390413506,-2.936140493,0.003323238,0.034558993
AT1G02810,2.847959143,-2.929805125,0.999872776,-2.930177915,0.00338768,0.035148152
AT5G07100,6.692052499,-1.693338719,0.578726814,-2.925972458,0.003433813,0.035552101
AT3G26220,2.692448173,-3.142402925,1.073991258,-2.925911083,0.003434491,0.035552101
AT3G26890,20.36815453,-1.115900787,0.381691014,-2.923571016,0.003460413,0.035738462
AT1G28670,14.67039842,-1.183649468,0.404999248,-2.922596703,0.003471258,0.035809499
AT1G21920,19.49146713,-1.004133132,0.344195437,-2.917334231,0.003530372,0.036336268
AT1G05810,8.325889772,-1.577738097,0.541073385,-2.915941056,0.003546175,0.036477773
AT2G21045,10.02903129,-1.381871794,0.473954128,-2.915623503,0.003549786,0.036477773
AT4G12520,6.433798896,-1.856439011,0.637074598,-2.914005702,0.003568234,0.036600754
AT5G17820,13.6621991,-1.137657384,0.390641298,-2.912281393,0.003587992,0.036761651
AT4G00950,4.358176556,-2.187157784,0.751724375,-2.909520905,0.003619832,0.036988432
AT1G72416,9.916704031,-1.613387316,0.555281267,-2.905531684,0.003666297,0.037330888
AT1G76600,10.61733056,-1.524067709,0.524982806,-2.903081192,0.003695108,0.037539555
AT2G33790,4.360577873,-2.408094232,0.830277132,-2.900349943,0.003727463,0.037719665
AT4G02075,6.260028,-1.782791415,0.61484027,-2.899600924,0.00373638,0.037788725
AT3G52400,16.81570129,-1.246644116,0.430045056,-2.898868615,0.003745118,0.037855887
AT4G01750,3.492330237,-2.480915388,0.856038689,-2.898134653,0.003753894,0.037923361
AT5G05435,5.582112162,-1.9825934,0.684547393,-2.896210579,0.003776989,0.038114016
AT5G46900,7.944253235,-1.591379665,0.549612984,-2.895455002,0.003786093,0.038184546
AT5G22940,3.766177501,-2.304947522,0.79618061,-2.89500585,0.003791515,0.038217875
AT2G24580,8.852744295,-1.448382236,0.500626678,-2.893138339,0.003814133,0.03838157
AT3G58490,16.94578424,-1.028351674,0.355792897,-2.890309738,0.003848624,0.038642499
AT4G03190,8.275628056,-1.562063485,0.542540382,-2.879165379,0.003987292,0.039835406
AT1G69900,2.852671201,-3.019704306,1.05007181,-2.875712193,0.004031171,0.040207032
AT1G66150,14.75115706,-1.255974578,0.437509487,-2.870736786,0.004095164,0.040732776
AT2G40330,2.781739399,-3.057952759,1.066427063,-2.867474827,0.004137617,0.041099014
AT3G03020,10.31726375,-1.323438348,0.461883231,-2.865309366,0.00416602,0.041301023
AT3G12710,11.43257485,-1.352507393,0.472283793,-2.863759915,0.004186452,0.041480799
AT2G45220,4.964000157,-1.948201878,0.680609307,-2.862437904,0.004203956,0.041608565
AT3G22231,36.32447658,-2.137666297,0.747571141,-2.859482102,0.004243334,0.041975289
AT3G09580,9.967608744,-1.411857345,0.494421944,-2.855571769,0.004295941,0.04239041
AT5G66675,12.19782719,-1.22663486,0.42976268,-2.854214469,0.004314339,0.042514613
AT4G25820,17.8151875,-1.054833534,0.369967378,-2.851152819,0.004356103,0.042902741
AT5G60530,5.26259175,-2.015914516,0.708115662,-2.846871809,0.004415114,0.043436539
AT4G37240,4.974795212,-1.994450131,0.702014596,-2.841037981,0.004496696,0.044047122
AT3G55560,6.093982073,-1.800997784,0.634139569,-2.840065298,0.00451043,0.044109855
AT4G09460,8.193669274,-1.479130996,0.522286907,-2.832027715,0.004625384,0.044970786
AT2G39870,12.6217811,-1.256519278,0.444613576,-2.826092919,0.004711959,0.045684749
AT4G40090,17.84453035,-1.242282435,0.43983851,-2.824405794,0.004736837,0.045852075
AT4G16515,15.51485105,-1.396656136,0.494911925,-2.822029671,0.004772076,0.046143702
AT5G51460,9.321291755,-1.304437565,0.462557515,-2.820054855,0.004801544,0.046343761
AT4G25940,7.141345335,-1.794894899,0.636466051,-2.820095268,0.004800939,0.046343761
AT3G59080,5.768366102,-1.744724603,0.620783756,-2.8105191,0.004946165,0.047521619
AT2G01190,12.79634686,-1.239261309,0.441001346,-2.810107768,0.004952491,0.047557089
AT4G10265,1.756797074,-5.518301691,1.971211201,-2.799447207,0.005119019,0.049025806
AT5G02540,5.312871975,-1.829029123,0.654133952,-2.79610792,0.005172213,0.049395659
AT1G12500,17.99140494,-1.016103457,0.36483312,-2.785118458,0.005350817,0.05078775
AT2G24762,13.77726872,-1.259842422,0.45268119,-2.783067756,0.005384756,0.051083026
AT4G13660,12.20861273,-1.271872669,0.457524201,-2.779902501,0.005437522,0.051529442
AT5G10130,5.248486181,-1.87248251,0.674846584,-2.774678801,0.005525625,0.052194374
AT4G32460,27.81761181,-1.077569631,0.389012805,-2.770010694,0.005605445,0.052678346
AT5G04530,22.56036646,-1.337204873,0.482978798,-2.768661644,0.005628706,0.052814461
AT4G18760,11.84598745,-1.228678636,0.444049057,-2.766988504,0.005657675,0.053035528
AT1G65390,8.659558195,-1.559011561,0.563609003,-2.766122529,0.005672722,0.053117035
AT1G61590,3.914134081,-2.144719237,0.775596441,-2.765251521,0.005687892,0.053231475
AT1G73550,3.78703864,-2.26982072,0.823080076,-2.757715544,0.005820682,0.054389638
AT2G39660,11.39308987,-1.219626408,0.443937313,-2.747294207,0.006008921,0.055830696
AT5G49080,6.586214085,-1.773059719,0.64642481,-2.742870776,0.006090465,0.056559239
AT3G02070,17.04436077,-1.045778642,0.381334796,-2.742415992,0.006098905,0.056608498
AT1G03850,5.332932551,-1.773663437,0.647634685,-2.738678886,0.006168659,0.05710913
AT5G19340,9.553793907,-1.382925304,0.505027693,-2.738315789,0.006175475,0.057129073
AT1G66160,6.957614381,-1.857694884,0.678522865,-2.737851558,0.006184198,0.057149706
AT4G15690,2.660399226,-3.545107474,1.294905814,-2.737733846,0.006186412,0.057149706
AT1G09570,17.75153757,-1.040005485,0.380172331,-2.73561593,0.006226365,0.057437183
AT4G27654,2.854536733,-3.432090113,1.254773392,-2.735227041,0.006233726,0.057475721
AT3G52520,6.058845267,-1.66918165,0.611610324,-2.72915872,0.006349613,0.05833566
AT1G08900,6.856872989,-1.74033348,0.638123858,-2.727265964,0.006386154,0.058522458
AT2G26695,14.2730072,-1.176070169,0.431209208,-2.727377215,0.006384001,0.058522458
AT1G62770,8.191396599,-1.408876677,0.516892995,-2.725664092,0.006417227,0.058658328
AT1G07135,25.42609631,-1.338750143,0.491331704,-2.724737955,0.006435254,0.05879334
AT5G24030,13.87100934,-1.135490557,0.417325444,-2.720875456,0.006510929,0.059334576
AT1G32928,3.442051376,-2.694373572,0.99099201,-2.718865082,0.006550632,0.059663124
AT1G18620,9.852372895,-1.289695762,0.47488629,-2.715799109,0.006611602,0.06004022
AT5G03350,10.88494596,-1.747186544,0.64334206,-2.715797167,0.006611641,0.06004022
AT3G26230,3.149664068,-2.604826542,0.959690662,-2.714235582,0.006642891,0.060293669
AT4G19530,9.789130228,-1.310489245,0.483067885,-2.712846964,0.006670791,0.060464191
AT2G47130,4.697420663,-1.870543486,0.691348902,-2.705643242,0.006817224,0.061535673
AT5G17350,2.435668148,-3.255366617,1.203493717,-2.704930297,0.006831872,0.061637077
AT5G44610,14.77694949,-1.310956073,0.485200983,-2.70188256,0.006894811,0.062173839
AT4G08040,2.18502099,-4.874323365,1.804159201,-2.701714662,0.006898293,0.062174185
AT1G51830,3.500391713,-2.191782614,0.813090322,-2.695620098,0.007025775,0.062977313
AT5G28020,12.94320485,-1.093497147,0.406226532,-2.691840784,0.007105886,0.063569157
AT4G02520,243.3507364,-1.006715203,0.374166417,-2.690554676,0.007133334,0.063751528
AT3G21870,9.256459006,-1.349848369,0.501839799,-2.689799357,0.007149499,0.063864377
AT4G16690,13.1637075,-1.233194664,0.458522775,-2.6894949,0.007156024,0.063891049
AT1G65490,17.37425617,-1.089751153,0.405273582,-2.688927191,0.007168205,0.063936565
AT5G38700,2.356935951,-3.023392039,1.126580637,-2.683688979,0.007281481,0.064786879
AT2G22980,7.296328525,-1.655299349,0.617130297,-2.682252609,0.007312822,0.06503368
AT4G37590,14.70311832,-1.089337445,0.406870237,-2.677358399,0.007420521,0.065829321
AT4G22690,32.61566463,-1.00862869,0.377694937,-2.670485072,0.007574174,0.066994886
AT5G66920,15.04542112,-1.147559331,0.429763924,-2.670208611,0.007580413,0.06701724
AT4G02540,6.854425945,-1.660544155,0.622130589,-2.669124754,0.00760492,0.067135265
AT1G56150,5.958025095,-1.979531321,0.742493759,-2.666057857,0.007674648,0.067684625
AT5G62865,4.013126166,-2.081772411,0.781161907,-2.664969184,0.007699538,0.067870974
AT3G58620,7.384239037,-1.487406184,0.559827053,-2.656903012,0.007886213,0.069347199
AT4G37530,7.491559649,-1.511728656,0.569142674,-2.656150604,0.007903831,0.069468285
AT3G45230,9.399589641,-1.309381825,0.493127842,-2.655258358,0.007924769,0.06955073
AT1G65486,6.056726411,-1.59341273,0.600482361,-2.6535546,0.007964888,0.069752185
AT3G23150,2.831085432,-2.463652512,0.930171846,-2.648599314,0.00808261,0.070558681
AT5G04230,4.819733667,-1.791538087,0.676624155,-2.647759578,0.008102713,0.07065324
AT4G37550,14.2113764,-1.076068862,0.406443256,-2.647525444,0.008108326,0.07065324
AT3G62150,3.447343134,-2.168815046,0.819543225,-2.646370538,0.008136064,0.070854012
AT5G23980,2.84351599,-2.497033213,0.94562833,-2.64060745,0.008275755,0.071827979
AT5G05500,7.408261995,-1.501000088,0.569162666,-2.637207565,0.008359167,0.072482245
AT5G18060,1.688666616,-4.013361848,1.523413695,-2.634453046,0.008427296,0.072932873
AT4G12690,2.973594453,-2.446451185,0.928909063,-2.633682115,0.008446453,0.073028644
AT5G16590,11.3339638,-1.15423705,0.438453198,-2.632520542,0.00847539,0.073208714
AT5G17300,5.762297981,-1.690983884,0.643603273,-2.627369925,0.008604773,0.074228069
AT3G63088,1.995952076,-4.079199767,1.55292706,-2.626781303,0.008619671,0.074312763
AT1G06160,2.162675327,-3.885010506,1.481736221,-2.621931253,0.008743307,0.075163292
AT1G29510,4.611038283,-1.875275792,0.715189866,-2.622067062,0.008739823,0.075163292
AT3G16720,10.58445492,-1.259751522,0.481056331,-2.618719352,0.008826053,0.07580244
AT5G03150,4.473785296,-1.936309183,0.74072152,-2.614085227,0.008946672,0.076692432
AT4G28850,2.503596508,-2.817886316,1.079602968,-2.610113533,0.009051218,0.077331583
AT4G02330,8.576050645,-1.332810143,0.511215743,-2.607138302,0.009130247,0.077822643
AT1G29450,2.240864781,-3.13806792,1.205434984,-2.603266009,0.009234028,0.078507105
AT1G58150,9.679590513,-1.446369368,0.555618701,-2.60316898,0.009236642,0.078507105
AT5G46890,7.943204865,-1.371229465,0.527637957,-2.598807472,0.009354822,0.079213232
AT3G15510,3.252516654,-2.169275564,0.834689675,-2.598900679,0.009352283,0.079213232
AT5G12940,21.35030734,-1.05673017,0.406915597,-2.596927173,0.009406186,0.079573517
AT3G53235,10.54316537,-1.287394307,0.496236782,-2.594314559,0.009477973,0.080068246
AT5G37710,8.139068766,-1.407529517,0.542744494,-2.59335568,0.009504442,0.080254299
AT1G59910,8.649241066,-1.458758079,0.562601644,-2.592879164,0.00951762,0.080290468
AT5G49740,10.83829381,-1.226188092,0.472890788,-2.592962528,0.009515314,0.080290468
AT2G30230,5.071871103,-1.962736668,0.758289893,-2.588372451,0.009643065,0.081272762
AT1G61820,5.534744663,-1.652730715,0.638913012,-2.586785188,0.009687597,0.081560862
AT3G17185,5.912251374,-1.522938695,0.588746268,-2.586748789,0.00968862,0.081560862
AT3G46490,6.051638864,-1.583173554,0.612227218,-2.585924812,0.009711811,0.081661542
AT4G02200,9.885927976,-1.228072191,0.474886313,-2.586034081,0.009708733,0.081661542
AT5G63600,10.66371556,-1.157015514,0.448198113,-2.581482341,0.009837702,0.082374787
AT2G32710,16.90957743,-1.076826753,0.417130422,-2.581510955,0.009836887,0.082374787
AT1G29440,3.951637093,-2.04206054,0.791655752,-2.579480456,0.009894906,0.082815361
AT2G41230,1.628965323,-4.001670515,1.558170324,-2.568185554,0.010223242,0.085168519
AT5G64410,7.59709477,-1.356340974,0.528783747,-2.565020165,0.010316981,0.085803597
AT3G13965,9.938413884,-1.32562359,0.516868809,-2.564719648,0.01032592,0.08582589
AT5G26740,13.89582405,-1.062808382,0.415985233,-2.554918535,0.010621265,0.087835869
AT3G14840,14.02563017,-1.009130848,0.395113197,-2.554029721,0.010648417,0.087979802
AT5G43190,11.15368596,-1.216608084,0.476512035,-2.553152898,0.010675262,0.088140545
AT1G19320,1.708155679,-3.882836861,1.521199082,-2.552484356,0.010695771,0.08824989
AT5G02440,6.613343281,-1.489656319,0.58433192,-2.549332441,0.010792936,0.088889086
AT2G26530,15.74240037,-1.140734574,0.448117553,-2.545614577,0.010908556,0.089636849
AT5G07860,9.103683344,-1.382302532,0.543477094,-2.543442121,0.010976624,0.09011414
AT1G78110,6.374739213,-1.644257398,0.647537805,-2.53924541,0.011109187,0.090995529
AT1G54970,7.03481534,-1.435975875,0.565789511,-2.538003704,0.01114868,0.091277609
AT5G18490,7.684607125,-1.50264608,0.592589595,-2.535728087,0.011221383,0.091690033
AT2G31110,3.432826245,-2.026451257,0.799472573,-2.534735181,0.011253236,0.091842076
AT2G44380,2.383182152,-2.829182268,1.116745119,-2.533418073,0.011295614,0.092146282
AT2G28780,2.44633299,-2.672924382,1.055544194,-2.532271407,0.011332624,0.092406438
AT5G04470,13.80449258,-1.088146815,0.43052608,-2.527481765,0.011488379,0.0934258
AT1G62440,2.794454347,-2.496955881,0.988787336,-2.525270895,0.011560913,0.093886267
AT2G46780,5.755286939,-1.572021743,0.622623685,-2.524834473,0.01157528,0.093960667
AT4G02270,12.36230479,-1.244147794,0.492974788,-2.523755422,0.011610868,0.094195264
AT3G50750,7.335220314,-1.342926894,0.53227628,-2.522988427,0.011636223,0.094285788
AT5G57530,2.758353524,-2.440482082,0.967417696,-2.522676701,0.011646542,0.094303093
AT2G47560,2.913811275,-2.29242997,0.90886525,-2.522299065,0.011659054,0.094343747
AT1G64500,16.34240643,-1.037738172,0.412238484,-2.517324832,0.011824975,0.095472396
AT1G56660,29.58626654,-1.700516665,0.677246752,-2.510926276,0.012041484,0.097046837
AT2G45050,12.46054156,-1.118321592,0.446982656,-2.501935092,0.012351657,0.098884461
AT4G13395,7.991144964,-2.276053735,0.909569377,-2.50234209,0.012337465,0.098884461
AT4G36410,12.89312785,-1.07277492,0.429827776,-2.495825024,0.012566457,0.10033713
AT4G17250,6.046067401,-1.702419202,0.683506295,-2.490714736,0.012748643,0.101602187
AT2G31730,4.386157819,-1.709833026,0.686817609,-2.489500856,0.012792261,0.101735105
AT4G32690,16.8495104,-1.031917303,0.414460667,-2.489783433,0.012782096,0.101735105
AT5G39660,5.168073512,-1.751603681,0.703656624,-2.489287562,0.012799939,0.101751342
AT2G22122,6.999464346,-1.476167692,0.593284853,-2.488126379,0.012841809,0.102039251
AT1G67050,8.157064149,-1.481739368,0.595621052,-2.487721618,0.012856432,0.102107207
AT3G22420,9.092820798,-1.276510987,0.513613707,-2.485352259,0.01294233,0.10256711
AT5G60800,5.228318396,-1.605768035,0.646359519,-2.484326427,0.012979677,0.102731555
AT4G30670,21.7961576,-1.050452727,0.422860788,-2.48415733,0.012985842,0.102731555
AT1G23480,3.412093994,-1.992678221,0.802233133,-2.483914137,0.012994714,0.102756708
AT4G15680,2.36970894,-2.763101338,1.11318897,-2.482149404,0.013059251,0.103086425
AT1G22650,3.624332374,-1.938263011,0.781796028,-2.47924387,0.013166125,0.103839257
AT4G38690,12.2027728,-1.138484603,0.459247898,-2.479019738,0.013174402,0.103859158
AT1G72940,7.815710385,-1.28479732,0.518427059,-2.478260533,0.01320247,0.104035004
AT3G18560,6.728105681,-1.50221809,0.607349294,-2.47340057,0.013383404,0.105233821
AT3G07195,4.167810681,-1.898908327,0.768847362,-2.469811853,0.013518413,0.106153942
AT5G20050,9.405785011,-1.260195928,0.510661515,-2.467771491,0.013595708,0.106714485
AT5G52020,2.160525162,-2.837930283,1.151476796,-2.464600498,0.013716609,0.107476539
AT3G52480,3.624999063,-2.084232545,0.846757073,-2.461429155,0.013838473,0.108337357
AT3G19240,16.02929644,-1.041751548,0.423778807,-2.458243616,0.013961843,0.109113917
AT4G10380,7.417588823,-1.408679152,0.573542031,-2.456104482,0.014045232,0.10967066
AT1G49310,5.364588545,-1.645556581,0.670182285,-2.455386568,0.014073316,0.109803763
AT5G04190,1.907882402,-4.679658186,1.910572836,-2.449348226,0.014311501,0.111316471
AT1G33750,3.836251223,-2.164230231,0.885398778,-2.44435647,0.014511081,0.112481125
AT2G23770,2.568536568,-2.353373402,0.96259902,-2.444811757,0.014492776,0.112481125
AT2G29300,9.349369826,-1.450377976,0.593357002,-2.444359755,0.014510949,0.112481125
AT3G01260,3.475584178,-2.206821351,0.903409874,-2.442768686,0.014575076,0.112831836
AT1G75240,7.644999008,-1.278994107,0.524226008,-2.439776141,0.014696366,0.113604584
AT1G18980,10.31292751,-1.146048964,0.469798718,-2.439446768,0.01470977,0.113630925
AT4G08770,6.408003675,-1.481058576,0.608142631,-2.435380288,0.014876146,0.11462188
AT2G01340,6.32489437,-1.570335188,0.645085206,-2.43430662,0.01492035,0.11491343
AT5G58787,11.84164748,-1.143263924,0.470624342,-2.429249448,0.015130119,0.116132666
AT3G28340,3.369536593,-2.018214731,0.831960897,-2.425852873,0.01527246,0.116877375
AT3G04640,8.104470993,-1.589997119,0.656243942,-2.422875117,0.015398219,0.11756734
AT4G04810,8.190299071,-1.399525476,0.578574386,-2.418920556,0.01556664,0.118575757
AT1G01780,17.6495413,-1.00845594,0.418949589,-2.40710569,0.016079516,0.121712158
AT2G26710,2.77381989,-2.280451591,0.94764065,-2.406451845,0.016108328,0.121879144
AT4G27652,16.09822073,-1.137040608,0.472663359,-2.405603451,0.01614578,0.122101071
AT4G01450,8.804315248,-1.175883249,0.489887619,-2.400312243,0.016381092,0.123632046
AT2G44740,2.632047183,-2.290158493,0.954531796,-2.399247989,0.016428784,0.123792067
AT3G51330,3.751069228,-1.913952915,0.798069543,-2.398228238,0.016474596,0.124078384
AT2G25460,4.256451735,-1.929041037,0.804704647,-2.3972038,0.016520732,0.124373968
AT3G61310,11.05767496,-1.053881054,0.440014377,-2.395105951,0.016615563,0.124879585
AT1G21326,2.780872898,-2.182133362,0.912446173,-2.3915201,0.016778765,0.125635441
AT1G69780,8.29240264,-1.232672977,0.515512993,-2.391157923,0.016795327,0.125670998
AT5G06640,19.9986898,-1.03703694,0.434438085,-2.387076491,0.016982957,0.126803121
AT5G65210,12.3212744,-1.029692154,0.431412945,-2.38679012,0.016996191,0.126803121
AT1G77885,6.68140442,-1.458581511,0.611304398,-2.386015078,0.017032053,0.127005224
AT3G14770,7.860012275,-1.183025438,0.495941745,-2.385412098,0.017059999,0.12716109
AT1G75080,12.23627979,-1.074354729,0.451049139,-2.38190174,0.017223493,0.128168059
AT1G63860,2.960122731,-2.085092033,0.875990107,-2.380268927,0.017300007,0.128328523
AT4G11290,5.654287362,-1.44544974,0.607778383,-2.378251318,0.017394966,0.128754127
AT4G30320,2.292893417,-2.544659486,1.07045776,-2.377169451,0.017446072,0.128973763
AT5G10150,6.542567687,-1.331413789,0.560255397,-2.37644081,0.017480566,0.129137598
AT2G34390,1.948363338,-3.300278672,1.388772872,-2.376399149,0.01748254,0.129137598
AT5G18020,6.740688666,-1.514892205,0.637611689,-2.375885247,0.017506906,0.129211848
AT3G06390,5.54005254,-1.561712296,0.657520956,-2.375152125,0.017541719,0.129363011
AT2G47520,1.764897772,-3.291258073,1.387335907,-2.372358458,0.017674934,0.130239012
AT3G23175,4.28652733,-1.699054681,0.716797826,-2.370340172,0.017771726,0.130845418
AT4G31730,7.77898489,-1.41209152,0.595829553,-2.369958845,0.017790065,0.130927049
AT1G34760,4.609974448,-1.61470723,0.681558195,-2.369140658,0.017829471,0.131110161
AT1G03400,13.54864363,-1.085867557,0.458996028,-2.365744999,0.017993833,0.132049867
AT1G36060,3.974345365,-1.865896574,0.792585363,-2.35419005,0.018563118,0.135566327
AT1G79670,4.763482931,-1.655388896,0.703338073,-2.35361764,0.018591724,0.135665478
AT4G21410,5.313752774,-1.510266835,0.642131982,-2.35195704,0.018674932,0.136217592
AT1G56250,2.237575898,-2.795235717,1.18909044,-2.350734327,0.018736406,0.1366108
AT1G11380,8.239801997,-1.298357913,0.552869392,-2.348398975,0.018854313,0.137248756
AT5G50915,8.28910908,-1.183013666,0.503959951,-2.347435871,0.018903127,0.137437837
AT1G09460,6.205734861,-1.385956936,0.5914453,-2.343339167,0.019112,0.138732988
AT1G18020,2.092507249,-2.898148737,1.23686798,-2.343135068,0.019122459,0.138753116
AT2G40095,4.166010338,-1.697709745,0.725340143,-2.340570505,0.019254303,0.139538104
AT4G37095,7.352749403,-1.375872883,0.588031977,-2.339792627,0.01929445,0.139664275
AT2G40020,9.52959454,-1.154136683,0.493844896,-2.337042851,0.019436956,0.14058308
AT1G72300,3.031775016,-2.157085389,0.923399276,-2.336026729,0.019489849,0.140852776
AT3G54260,9.895603612,-1.09712642,0.469817828,-2.335216662,0.019532105,0.141101678
AT2G17780,5.489866846,-1.528666144,0.656846676,-2.327280017,0.019950367,0.143434476
AT1G70530,8.284662132,-1.254051264,0.539005342,-2.326602662,0.019986423,0.143579343
AT4G20362,3.731030517,-1.931557297,0.830973757,-2.324450417,0.020101366,0.144290243
AT4G27740,12.65143228,-1.063496864,0.457567512,-2.324240328,0.020112617,0.144313623
AT5G10336,1.867764293,-3.506095279,1.50867622,-2.323954757,0.020127919,0.14436604
AT1G53430,8.357265359,-1.13266617,0.489535279,-2.313758002,0.020681,0.147396012
AT1G56510,7.536655637,-1.331378212,0.575582211,-2.313098263,0.020717237,0.147596007
AT1G55850,13.69341365,-1.019912914,0.441101427,-2.312195905,0.02076689,0.147891386
AT1G70740,6.664430196,-1.449298826,0.627259817,-2.310523943,0.020859165,0.148431414
AT5G46710,9.933542516,-1.070569236,0.463801852,-2.308247005,0.020985402,0.148977375
AT1G09575,2.472215177,-2.354270721,1.021413274,-2.304914945,0.021171337,0.150120249
AT4G08930,11.03134766,-1.046356992,0.454732447,-2.301038775,0.021389439,0.151310169
AT1G19960,17.99177479,-1.331094926,0.578595404,-2.300562564,0.021416369,0.151441329
AT2G20520,2.219858193,-2.591960528,1.127633451,-2.298584283,0.021528557,0.152039749
AT5G18050,1.773661235,-3.431163319,1.493361982,-2.29760993,0.021584,0.152216014
AT1G72790,7.454453637,-1.370744229,0.597034127,-2.295922742,0.021680299,0.152654427
AT2G28200,7.133184409,-1.309984517,0.572176644,-2.289475691,0.022051729,0.154601887
AT3G05200,11.82679208,-1.052098379,0.459860553,-2.287863947,0.022145445,0.155078249
AT1G01750,7.092971006,-1.384305041,0.605121739,-2.287647182,0.022158076,0.155106531
AT1G29500,3.458454268,-1.971174509,0.862070592,-2.286558117,0.022221628,0.155370664
AT3G62950,2.703333533,-2.166763579,0.947745442,-2.286229491,0.022240836,0.155444761
AT3G54430,5.554940027,-1.423682818,0.623346738,-2.283934016,0.022375409,0.156264318
AT5G63020,5.28678398,-1.559070183,0.682829447,-2.283249777,0.02241566,0.156484881
AT2G01300,2.401482602,-2.528099631,1.107645562,-2.282408485,0.022465235,0.156770346
AT5G15580,5.556345074,-1.457095791,0.639099957,-2.279918463,0.022612525,0.157554577
AT5G38200,4.559919681,-1.535183198,0.675336783,-2.273211287,0.02301345,0.159977598
AT1G31350,4.143709064,-1.800613174,0.793318289,-2.269723514,0.023224364,0.160955853
AT1G71020,9.229545672,-1.085565586,0.478336623,-2.269459483,0.023240398,0.160955853
AT3G01220,4.878092944,-1.601399678,0.70579741,-2.268922576,0.023273035,0.161043553
AT5G07870,10.25527282,-1.119259446,0.493632212,-2.267395481,0.023366077,0.161619844
AT5G64395,14.25466467,-1.657245137,0.731668058,-2.265023215,0.023511255,0.162375167
AT5G14000,4.199983166,-1.664557362,0.735058266,-2.264524377,0.023541882,0.162524512
AT1G63260,4.985895643,-1.495243537,0.660376194,-2.264229919,0.023559977,0.162587259
AT1G66090,6.386605947,-1.463735136,0.64766572,-2.260016381,0.023820234,0.164217133
AT3G48590,16.04977682,-1.00865924,0.446432945,-2.25937456,0.023860096,0.164344259
AT4G17800,3.250226436,-1.828491215,0.813455057,-2.247808528,0.024588402,0.16788745
AT1G05575,3.63150957,-1.829580265,0.817573211,-2.237818267,0.025232909,0.171316172
AT5G54720,4.606999228,-1.615616406,0.723376872,-2.233436634,0.025520165,0.173073527
AT5G66280,5.499838749,-1.387879172,0.624900323,-2.220960881,0.026353611,0.177464225
AT4G20780,5.631175954,-1.345536376,0.607168976,-2.216082225,0.026685871,0.179226204
AT1G16130,1.951234724,-2.529213127,1.141611871,-2.215475496,0.026727444,0.179371953
AT4G30510,9.466497113,-1.09446827,0.494343421,-2.213983686,0.026829901,0.179925783
AT5G22890,2.008029349,-2.524794953,1.141020827,-2.212750979,0.026914819,0.180428229
AT5G15210,6.514611277,-1.26700928,0.573877455,-2.20780459,0.027257898,0.182321909
AT2G48030,6.993152075,-1.324097247,0.599818594,-2.207496166,0.027279415,0.18235321
AT3G29035,5.603316544,-1.347328068,0.610950965,-2.205296572,0.02743329,0.183052499
AT2G32540,5.154710592,-1.391559886,0.631444459,-2.203772423,0.027540353,0.183531189
AT1G25390,8.476167806,-1.168386171,0.530265111,-2.203400046,0.027566565,0.18363808
AT2G39650,5.74575893,-1.350500263,0.613106071,-2.202718789,0.027614575,0.183755092
AT4G22780,10.430238,-1.153425413,0.523976678,-2.20129151,0.027715394,0.184357406
AT1G72820,10.64776023,-1.001870939,0.455466991,-2.199656528,0.027831273,0.184991891
AT4G01720,6.635884572,-1.234827757,0.561448473,-2.199360789,0.027852278,0.185063372
AT5G05890,4.272190618,-1.670353394,0.760151007,-2.197396806,0.027992119,0.1857874
AT5G08350,4.803323378,-1.457316566,0.664014737,-2.194705154,0.028184755,0.186654211
AT5G04040,10.93193482,-1.06099501,0.483885847,-2.192655597,0.028332202,0.187424422
AT1G78310,7.29787767,-1.237751723,0.56485775,-2.191262706,0.028432787,0.187883275
AT5G16180,10.56817131,-1.060878483,0.484108634,-2.191405829,0.028422438,0.187883275
AT1G11185,1.632767422,-3.353762577,1.530776528,-2.190889732,0.028459773,0.187992785
AT1G28130,9.721086695,-1.002976279,0.458144807,-2.189212373,0.028581408,0.188589238
AT1G35430,4.858556229,-1.565442541,0.715443624,-2.18807253,0.028664319,0.189067212
AT4G37160,1.816711534,-2.756911078,1.260060672,-2.187919312,0.02867548,0.189071748
AT3G06435,1.876254085,-2.605188643,1.191716597,-2.186080692,0.028809702,0.18951838
AT3G18800,10.78066652,-1.057170833,0.48355316,-2.186255658,0.028796906,0.18951838
AT1G28370,8.220802898,-1.288700583,0.590158694,-2.183650933,0.028987908,0.190436208
AT3G09600,8.294273361,-1.057468973,0.485150891,-2.179670272,0.029281912,0.191878894
AT1G03457,3.141470314,-1.809130068,0.830074874,-2.17947817,0.029296165,0.191902634
AT2G25810,7.002754251,-1.232486946,0.566003149,-2.177526657,0.029441295,0.192713452
AT5G01040,7.952877559,-1.153206327,0.53006782,-2.175582602,0.029586485,0.193351103
AT4G01580,7.519042006,-1.182111443,0.54362689,-2.17449038,0.029668327,0.193497944
AT1G70520,7.863977142,-1.177033599,0.541411694,-2.174008451,0.029704501,0.193593988
AT5G62520,3.995518612,-1.740313155,0.801051448,-2.172536056,0.029815253,0.193965681
AT3G50340,6.888040278,-1.209266608,0.55657348,-2.172698937,0.029802984,0.193965681
AT1G78260,4.990088415,-1.507447215,0.693980709,-2.172174523,0.029842502,0.194067339
AT4G25835,3.181274197,-1.950865467,0.898176791,-2.172028364,0.029853524,0.194067339
AT3G05320,3.101294056,-1.853999931,0.854116394,-2.170664261,0.029956561,0.194534456
AT3G03820,4.915434766,-1.452155059,0.669057379,-2.170449208,0.029972832,0.194570134
AT2G41640,6.083462159,-1.327577061,0.611771785,-2.170052777,0.030002848,0.194694973
AT2G33510,8.598255571,-1.128120899,0.520072123,-2.169162409,0.030070356,0.194852885
AT1G55810,7.428999936,-1.164792205,0.537120087,-2.168588055,0.030113973,0.19495361
AT2G21050,8.954158003,-1.123941958,0.518296432,-2.168531151,0.030118297,0.19495361
AT1G15040,4.063319491,-1.53272292,0.707802502,-2.165466943,0.030351944,0.19604424
AT1G21270,6.077059908,-1.346025171,0.622054829,-2.163836864,0.030476872,0.196499631
AT4G17070,9.891198159,-1.025782985,0.474190188,-2.163231148,0.030523406,0.196659187
AT1G29460,1.768617849,-2.834504406,1.311184957,-2.161788381,0.030634491,0.197093541
AT4G01680,3.10560931,-1.780341522,0.823407494,-2.16216337,0.030605586,0.197093541
AT3G22750,3.549224848,-1.659767568,0.768289949,-2.160340078,0.030746353,0.197601959
AT2G17705,4.89166817,-1.415938823,0.655845087,-2.15895316,0.030853801,0.198010547
AT3G06770,5.918840158,-1.233427824,0.572358518,-2.154991644,0.031162488,0.199424459
AT3G04570,7.428568842,-1.268239539,0.58876331,-2.154073659,0.031234396,0.199743021
AT3G13430,5.529596703,-1.393259785,0.64747885,-2.15182285,0.031411309,0.200661136
AT4G25707,5.92485079,-1.736152653,0.808225763,-2.148103577,0.031705528,0.202111546
AT4G39250,3.405616238,-2.005548702,0.933792189,-2.147746282,0.031733917,0.202221107
AT2G20562,2.940384183,-1.863431196,0.86795768,-2.146914808,0.031800065,0.202428267
AT1G76560,8.595411449,-1.146203756,0.534189597,-2.145687156,0.031897947,0.202908256
AT1G17430,5.887555517,-1.434241681,0.669305164,-2.142881541,0.032122612,0.204049791
AT4G00300,12.55848923,-1.04291368,0.487719141,-2.138348881,0.032488438,0.205794306
AT4G31470,1.766862659,-2.68756685,1.256840057,-2.138352319,0.032488159,0.205794306
AT5G42630,1.954733238,-2.441705959,1.143710633,-2.134898363,0.032769313,0.206944729
AT1G61900,9.620291167,-1.001691932,0.469936274,-2.13154844,0.033043986,0.208290183
AT3G24450,2.01078819,-2.4385235,1.145971143,-2.127910039,0.033344543,0.209672252
AT1G24260,4.406253494,-1.550380575,0.730486317,-2.122395094,0.033804574,0.211533439
AT1G24996,19.17047969,-1.220461278,0.574986069,-2.122592778,0.033787991,0.211533439
AT3G05920,4.653029305,-1.436371063,0.677067362,-2.121459613,0.033883143,0.211878207
AT3G01430,5.535340459,-1.418490464,0.66921369,-2.119637546,0.034036624,0.212444893
AT1G16400,5.139856109,-1.321425191,0.624002886,-2.117658783,0.034203976,0.213146144
AT3G44610,8.448463516,-1.152059101,0.544980065,-2.113947234,0.034519774,0.214374092
AT4G08410,5.621482408,-1.418210272,0.671048975,-2.113422903,0.034564587,0.214578575
AT1G67230,22.79906805,-1.017465472,0.481724789,-2.112130191,0.034675284,0.215191785
AT5G04960,6.029921727,-1.309942797,0.620741975,-2.110285515,0.034833771,0.215878496
AT2G45450,14.0261256,-1.159252154,0.551421933,-2.102296055,0.03552735,0.21852649
AT2G46810,6.663987049,-1.190981446,0.566654632,-2.101776602,0.03557285,0.218582932
AT3G18773,3.042642929,-1.769566773,0.843795675,-2.097150797,0.035980229,0.22067518
AT1G31310,1.818038369,-2.443071988,1.16634377,-2.094641435,0.036202879,0.221925492
AT3G28345,2.490749946,-2.014804285,0.962349139,-2.093631306,0.036292837,0.222158953
AT3G49810,7.237049635,-1.173072592,0.560332756,-2.093528497,0.036302003,0.222158953
AT4G39770,3.710378784,-1.570801015,0.750314669,-2.093522997,0.036302493,0.222158953
AT2G35290,5.183233549,-1.47703254,0.705849074,-2.092561418,0.036388324,0.222608745
AT2G02950,4.62259249,-1.420987826,0.681753123,-2.084314361,0.037131582,0.22593072
AT1G80420,7.543189626,-1.148395,0.551272047,-2.08317292,0.037235465,0.226247695
AT3G04320,1.964894274,-2.340619435,1.123453716,-2.08341421,0.037213484,0.226247695
AT3G09925,11.14444043,-1.041827626,0.500576019,-2.081257567,0.037410337,0.227014727
AT2G15880,8.681209293,-1.548478466,0.744717673,-2.079282554,0.037591388,0.2279217
AT2G33990,9.343258215,-1.024517337,0.492711656,-2.079344633,0.037585686,0.2279217
AT1G02360,5.200529021,-1.287965913,0.619751887,-2.078196032,0.037691307,0.228259367
AT5G65610,7.84534394,-1.092087372,0.526385369,-2.07469173,0.038015114,0.229604168
AT5G41740,2.904975037,-1.730633702,0.83508077,-2.072414746,0.038226779,0.230420049
AT3G60390,8.633835034,-1.058875597,0.511645132,-2.069550807,0.038494429,0.231492313
AT1G44830,1.757490879,-2.894194649,1.401024996,-2.06576946,0.038850253,0.233442411
AT1G74440,3.254160894,-1.876336439,0.90907221,-2.064012538,0.039016528,0.234241893
AT5G03700,4.100336726,-1.555580826,0.753730036,-2.063843488,0.039032558,0.234260231
AT1G05000,6.882155523,-1.19650888,0.579944763,-2.063142831,0.03909906,0.234425549
AT2G20180,6.721437198,-1.132063925,0.548900083,-2.06242258,0.039167521,0.234602277
AT1G72910,4.690625616,-1.470522284,0.713063961,-2.062258597,0.039183123,0.234617881
AT4G17080,8.498269252,-1.024396644,0.496844197,-2.0618066,0.039226152,0.234772934
AT1G63750,2.566638678,-1.896006518,0.919954444,-2.060978704,0.039305072,0.234984236
AT2G04025,1.938484236,-2.445237743,1.187315813,-2.059467007,0.039449522,0.235587903
AT3G62760,3.060078289,-1.83290226,0.891610371,-2.055721109,0.039809406,0.23695325
AT1G77210,2.676898309,-1.959117168,0.953244175,-2.055210218,0.039858705,0.237168489
AT3G26210,7.674589513,-1.26402687,0.615823691,-2.052579153,0.040113411,0.23829135
AT4G04955,6.556125205,-1.126098506,0.548774571,-2.052023846,0.040167345,0.238376423
AT4G27350,9.271860325,-1.058538895,0.516572361,-2.049158986,0.040446571,0.239482437
AT5G60270,2.215381975,-2.026966833,0.990300583,-2.046819791,0.040675782,0.240445281
AT1G08630,9.738286898,-1.472999696,0.71989578,-2.046129088,0.040743672,0.24076776
AT2G42900,3.061802244,-1.878593468,0.919205098,-2.043715241,0.040981687,0.241898588
AT1G15210,4.040970743,-1.500843775,0.734843185,-2.042400073,0.041111863,0.242357286
AT5G22310,2.937010574,-1.880101186,0.921487015,-2.040290483,0.041321402,0.242988689
AT1G13590,2.035501093,-2.470091254,1.211660098,-2.038600806,0.041489885,0.243820602
AT5G35190,24.67875895,-1.223499325,0.600429869,-2.03770563,0.041579381,0.244186828
AT3G29034,6.454220611,-1.265277765,0.621097171,-2.037165558,0.041633454,0.244346146
AT1G72200,2.394723471,-2.249215762,1.104697354,-2.036047026,0.041745633,0.244655316
AT5G14930,5.347963055,-1.36922836,0.672436909,-2.03621833,0.041728436,0.244655316
AT4G04223,5.918065148,-1.414223758,0.695226473,-2.034191466,0.041932295,0.24538208
AT1G01180,5.719167561,-1.301736102,0.641314246,-2.029794458,0.042377437,0.247345574
AT3G63110,3.867706034,-1.482071443,0.731202094,-2.026897155,0.042672932,0.248427744
AT4G34390,7.464946549,-1.154181533,0.569504635,-2.026641159,0.042699124,0.248500093
AT1G61667,5.244862587,-1.349848849,0.666332004,-2.025790209,0.042786288,0.24876678
AT1G78450,5.318721372,-1.514322808,0.747904212,-2.02475502,0.042892526,0.249223936
AT5G23130,3.076072016,-1.765505306,0.872146781,-2.024321301,0.042937103,0.249299154
AT1G10070,5.553659733,-1.619842144,0.80040927,-2.023767345,0.042994096,0.249318041
AT2G39210,7.950443668,-1.065605056,0.526534002,-2.023810529,0.042989651,0.249318041
AT2G17710,7.810588,-1.10361749,0.545563864,-2.022893307,0.043084149,0.249614293
AT4G12080,5.517819613,-1.264888958,0.626226407,-2.019858861,0.04339803,0.251271529
AT3G46530,11.91568428,-1.072014487,0.531825548,-2.015725818,0.043828654,0.25338563
AT5G48560,5.777913432,-1.302813128,0.647011176,-2.013586744,0.044052939,0.25424799
AT1G70990,1.691592759,-2.43961098,1.212835604,-2.011493538,0.044273352,0.255356814
AT4G10925,6.679583522,-1.230919958,0.612753809,-2.008832811,0.044554867,0.256652527
AT1G13670,6.29630588,-1.243534928,0.621640923,-2.000407118,0.04545632,0.26013519
AT1G14205,3.641032057,-1.695938467,0.84861877,-1.998469191,0.045665817,0.261052879
AT1G53830,3.933089335,-1.682032576,0.841846579,-1.998027452,0.045713684,0.261243791
AT5G19800,7.582144359,-1.143140958,0.572235409,-1.997676025,0.045751795,0.261378847
AT1G49780,6.420683162,-1.147086254,0.574405259,-1.996998175,0.045825381,0.261482334
AT3G49160,4.762644906,-1.545923511,0.774451958,-1.996151595,0.045917424,0.261580077
AT5G10310,4.796008532,-1.401079439,0.702169166,-1.995358822,0.046003759,0.261682882
AT3G10120,5.796687586,-1.322473451,0.662760199,-1.995402641,0.045998983,0.261682882
AT5G47590,2.909282935,-1.872433161,0.939957711,-1.99203979,0.046366692,0.263308555
AT3G53280,8.266881808,-1.129550804,0.567940337,-1.98885469,0.046717244,0.264799501
AT4G11460,2.098385658,-2.346392414,1.181922846,-1.985233149,0.047118538,0.266655474
AT3G52450,2.114346827,-2.152398118,1.085409562,-1.98302852,0.047364244,0.267878038
AT5G18690,8.417914935,-1.067314006,0.540049272,-1.97632709,0.048117743,0.271035763
AT2G30340,3.96036065,-1.550074608,0.785671058,-1.972930772,0.04850345,0.2725281
AT1G05675,4.7459401,-1.287339223,0.654670481,-1.966392651,0.049253272,0.275796933
AT1G20780,5.317167764,-1.345156014,0.684159708,-1.966143282,0.049282062,0.275811078
AT2G28110,4.262725395,-1.374810813,0.69925565,-1.966106122,0.049286353,0.275811078
AT4G32650,4.412990955,-1.344535579,0.68506413,-1.96264192,0.049687796,0.277713246
AT5G16480,7.202476598,-1.119835927,0.570983248,-1.961241298,0.049850881,0.278366212
AT1G19540,3.756759088,-1.616275859,0.824388097,-1.960576414,0.049928456,0.278368875
AT1G74330,5.054644606,-1.3047126,0.665336141,-1.960982607,0.049881052,0.278368875
